,Age,W,Pace,eFG%,TOV%,ORB%,FT/FGA,Dfg%,Dtov%,DRB%,Dft/fga,Tm,FG,FGA,FG%,3P,3PA,3P%,2P,2PA,2P%,eFG%.1.1,FT,FTA,FT%,ORB,DRB,TRB,AST,STL,BLK,TOV,PF,PTS,TS%,3PAr,FTr,ORB%.1,DRB%.1,TRB%,AST%,STL%,BLK%,TOV%.1.1,USG%,year
0,27.5,38,94.6,0.515,14.3,21.0,0.208,0.51,14.0,74.4,0.196,ATL,43.7,92.6,4.6640000000000015,9.9,27.599999999999994,3.201,33.5,65.0,5.114,5.256,19.1,24.5,7.859000000000001,10.3,35.7,46.00000000000001,27.4,9.0,5.0,15.7,20.5,116.3,5.6240000000000006,3.247,2.539,45.7,155.5,101.1,167.2,16.299999999999994,14.7,132.1,201.4,2014.0
1,25.4,25,93.3,0.477,14.2,27.4,0.193,0.505,13.4,74.2,0.227,BOS,39.7,91.20000000000002,4.373,7.5,22.2,2.963,32.2,68.8,4.681,4.769000000000001,17.9,22.6,7.644,12.3,31.500000000000004,43.6,22.9,7.700000000000001,4.199999999999998,15.4,22.3,105.0,5.146,2.4330000000000003,2.6060000000000003,54.9,145.5,99.0,151.4,16.2,12.500000000000002,146.8,196.7,2014.0
2,30.0,44,91.4,0.514,14.1,21.7,0.236,0.509,14.9,72.3,0.236,BRK,35.7,77.19999999999997,4.745,8.299999999999999,22.300000000000004,2.514,27.5,54.8,5.0459999999999985,5.2,18.0,24.2,7.449000000000002,8.599999999999998,30.7,39.2,21.7,8.8,3.9,13.8,21.0,97.8,5.558999999999998,2.5040000000000004,3.531,49.0,159.29999999999995,104.3,143.2,19.5,15.7,139.70000000000002,195.2,2014.0
3,28.6,48,90.2,0.471,14.2,27.2,0.226,0.471,13.7,75.4,0.189,CHI,41.60000000000001,94.8,4.314,7.300000000000002,21.3,2.019,34.2,73.7,4.5600000000000005,4.715000000000002,22.7,28.700000000000006,7.623999999999999,12.9,37.7,50.90000000000001,26.8,8.7,5.500000000000001,16.2,21.500000000000004,112.8,5.1530000000000005,2.337,2.86,58.2,152.89999999999995,106.3,153.5,15.6,16.8,137.09999999999997,196.1,2014.0
4,25.5,43,92.4,0.481,11.7,21.9,0.219,0.491,12.6,77.6,0.183,CHO,37.9,84.8,4.55,6.199999999999998,17.8,2.373,31.4,66.7,4.8020000000000005,5.0,19.700000000000006,26.7,7.27,9.9,35.4,45.2,22.5,6.299999999999999,5.3,11.999999999999998,18.1,101.6,5.4079999999999995,2.4370000000000003,3.5740000000000003,49.2,160.79999999999995,104.69999999999996,134.3,12.400000000000002,19.1,117.7,184.8,2014.0
5,24.9,33,93.1,0.479,13.0,27.2,0.201,0.508,13.0,75.8,0.199,CLE,39.3,89.19999999999996,4.461999999999999,7.5,21.2,2.471,31.8,68.10000000000001,4.7040000000000015,4.882,18.8,24.7,7.598999999999998,12.0,31.40000000000001,43.2,23.6,8.0,3.0,13.7,19.7,104.9,5.2719999999999985,2.351,2.7669999999999995,51.8,141.50000000000003,95.6,144.9,15.900000000000002,11.3,125.0,191.3,2014.0
6,30.6,49,93.5,0.526,12.7,24.6,0.201,0.515,14.8,72.7,0.229,DAL,41.1,85.60000000000002,4.889000000000001,8.8,22.9,2.5669999999999997,32.3,62.5,5.166,5.372999999999998,18.1,22.8,7.771,10.8,31.7,42.50000000000001,24.5,8.899999999999997,4.699999999999998,13.3,20.200000000000006,109.0,5.732000000000001,2.592,2.699,59.2,152.6,106.1,140.20000000000002,18.2,17.2,124.3,193.1,2014.0
7,26.0,36,98.1,0.4970000000000001,14.0,27.5,0.222,0.5,12.8,74.5,0.233,DEN,42.5,95.0,4.484,9.8,27.0,2.7410000000000005,32.5,67.9,4.735,4.976,21.200000000000006,28.8,7.6400000000000015,12.4,33.099999999999994,45.6,27.6,7.7,5.1,17.200000000000006,24.6,115.90000000000003,5.36,2.715,2.979,53.2,141.0,96.79999999999998,155.2,14.499999999999998,15.4,135.39999999999998,203.7,2014.0
8,24.7,29,94.9,0.482,12.9,31.4,0.199,0.52,13.8,73.4,0.218,DET,40.7,90.5,4.553,6.200000000000001,18.9,2.704,34.3,71.49999999999999,4.831,4.9780000000000015,18.1,26.7,7.035000000000001,15.000000000000002,31.8,47.3,22.1,8.5,5.199999999999998,14.6,21.6,105.8,5.278,2.414,2.7470000000000003,62.7,144.4,101.3,131.5,16.900000000000002,16.0,120.9,190.8,2014.0
9,26.3,51,96.2,0.517,13.8,25.1,0.18600000000000005,0.477,13.6,76.3,0.224,GSW,44.1,93.7,4.712999999999999,9.7,25.1,2.4459999999999997,34.300000000000004,68.60000000000001,4.990999999999999,5.143000000000002,18.0,23.7,7.249,12.4,38.4,51.10000000000001,24.5,8.1,5.700000000000001,16.1,23.1,115.6,5.4750000000000005,2.346,2.6590000000000003,58.8,162.2,111.3,131.7,14.700000000000005,18.1,136.5,202.50000000000003,2014.0
10,25.4,54,96.3,0.531,14.6,27.4,0.275,0.489,12.5,74.1,0.193,HOU,42.1,88.29999999999998,4.718999999999999,9.900000000000002,27.9,3.003,32.2,60.3,5.1979999999999995,5.265999999999999,25.1,35.30000000000001,6.8260000000000005,13.2,39.8,52.8,23.1,8.4,6.6000000000000005,16.799999999999994,22.9,119.0,5.6,3.153,3.81,60.1,160.0,113.0,124.4,14.7,18.6,136.5,188.0,2014.0
11,27.2,56,92.5,0.49,14.3,24.9,0.226,0.46,12.9,76.8,0.197,IND,38.49999999999999,86.6,4.442,7.1,19.6,3.087,31.399999999999995,66.89999999999999,4.658,4.817,20.0,25.1,7.742000000000001,10.6,36.7,47.6,22.0,7.3,5.5,15.800000000000002,21.6,103.69999999999996,5.270999999999999,2.092,3.167,50.9,150.10000000000005,102.8,133.70000000000002,14.199999999999998,17.1,142.3,194.5,2014.0
12,28.1,57,95.9,0.526,12.7,25.0,0.258,0.484,13.8,72.5,0.222,LAC,44.2,92.60000000000002,4.997,10.1,27.9,2.815,34.1,64.7,5.3889999999999985,5.527,24.6,32.800000000000004,7.473,10.6,33.4,43.90000000000001,29.0,9.6,4.9,14.7,22.5,122.90000000000002,5.822000000000001,2.9400000000000004,3.73,43.9,126.1,86.4,153.6,16.5,15.6,130.29999999999998,191.7,2014.0
13,26.8,27,98.7,0.505,13.7,20.2,0.199,0.513,12.4,71.0,0.192,LAL,41.0,91.3,4.489999999999998,10.1,25.799999999999994,2.963,30.9,65.3,4.681,5.022,19.3,25.5,7.3199999999999985,10.0,32.3,42.3,26.4,7.8000000000000025,5.700000000000001,15.3,20.4,111.3,5.3870000000000005,2.764,2.8,44.7,139.70000000000002,92.2,155.70000000000005,15.0,16.700000000000006,131.9,201.1,2014.0
14,28.5,50,89.9,0.494,13.1,28.3,0.184,0.4970000000000001,13.8,75.7,0.199,MEM,39.8,85.60000000000002,4.664,4.9,14.6,2.535,34.9,71.2,4.968000000000001,4.992,16.4,21.6,7.341000000000001,11.500000000000002,31.3,42.7,24.2,8.600000000000001,5.0,13.800000000000002,19.0,101.0,5.315,1.902,2.365,55.29999999999999,145.7,100.4,150.7,19.0,17.6,133.0,193.7,2014.0
15,30.6,54,91.2,0.5539999999999999,14.6,20.6,0.228,0.511,15.8,73.0,0.212,MIA,41.90000000000001,83.0,4.878,8.3,23.1,3.4339999999999997,33.599999999999994,60.00000000000001,5.4110000000000005,5.475,19.1,25.0,7.651,7.8,30.2,37.8,25.0,9.7,4.5,15.6,19.6,111.2,5.787999999999999,3.346,2.759,41.5,142.60000000000005,94.0,142.0,20.0,17.4,137.60000000000002,194.9,2014.0
16,24.7,15,91.8,0.479,14.1,27.1,0.204,0.52,13.2,71.4,0.225,MIL,41.40000000000001,95.8,4.342,8.4,23.9,2.7460000000000004,33.1,71.9,4.560999999999999,4.752,21.1,27.200000000000006,7.729000000000001,11.5,32.5,44.0,26.200000000000006,7.399999999999999,4.3,16.4,21.2,112.5,5.193999999999999,2.334,2.9210000000000003,48.40000000000001,144.2,94.7,160.9,14.500000000000002,13.400000000000002,135.8,204.6,2014.0
17,26.3,40,97.3,0.486,12.2,27.4,0.249,0.518,14.8,74.4,0.177,MIN,41.5,92.2,4.48,7.4,21.4,3.2540000000000004,34.3,70.9,4.728,4.8210000000000015,23.5,29.800000000000004,7.476000000000001,13.4,33.2,46.7,24.1,9.1,3.2,13.999999999999998,18.8,114.0,5.249,2.03,3.018,59.2,148.70000000000005,102.7,138.89999999999998,17.000000000000004,11.8,123.79999999999998,193.7,2014.0
18,24.3,34,92.2,0.495,12.9,26.9,0.22,0.515,13.6,73.8,0.249,NOP,40.7,88.30000000000003,4.715000000000002,5.6000000000000005,14.8,2.67,35.3,73.30000000000003,4.846,5.013,19.3,25.2,7.655,11.1,31.6,42.3,27.0,9.1,6.4,15.3,22.90000000000001,106.50000000000004,5.401,1.6,2.765,51.2,146.8,98.3,161.4,18.4,21.1,143.6,198.20000000000005,2014.0
19,28.3,37,90.3,0.505,12.5,25.1,0.189,0.514,14.0,74.3,0.245,NYK,41.7,91.8,4.632999999999999,10.1,27.1,2.552,31.6,64.7,4.8580000000000005,5.207999999999999,17.2,22.5,7.485999999999999,12.3,34.3,46.8,22.0,8.200000000000001,5.4,13.6,24.6,110.5,5.482,3.028,2.273,51.90000000000001,148.1,98.5,127.9,16.4,17.5,131.79999999999998,185.50000000000003,2014.0
20,26.2,59,95.4,0.52,14.0,26.5,0.244,0.488,13.9,75.6,0.221,OKC,41.1,87.89999999999998,4.664,8.2,23.3,2.722,32.8,64.5,4.9700000000000015,5.092,22.6,27.7,7.558999999999998,10.9,34.99999999999999,45.90000000000001,24.8,9.000000000000002,5.800000000000002,16.5,22.0,112.9,5.4780000000000015,2.4530000000000003,3.216,58.1,149.1,105.6,150.29999999999995,18.1,19.2,157.2,190.3,2014.0
21,24.6,23,93.6,0.487,13.9,22.4,0.193,0.504,13.0,75.5,0.211,ORL,42.8,94.5,4.518,7.1000000000000005,20.1,2.8080000000000003,35.6,74.4,4.768,4.893,18.200000000000006,23.8,7.571000000000001,11.2,37.6,49.1,23.000000000000004,8.5,4.7,15.8,21.9,110.6,5.236000000000001,2.149,2.388,49.7,162.6,106.0,133.20000000000002,16.2,15.8,129.00000000000003,201.8,2014.0
22,23.4,19,99.2,0.475,14.8,24.8,0.19,0.524,14.9,72.4,0.244,PHI,44.7,101.79999999999998,4.4,7.6,24.3,2.6510000000000002,36.99999999999999,77.60000000000002,4.83,4.8069999999999995,20.4,27.6,7.277,14.400000000000002,36.8,51.2,25.6,10.1,4.3,18.7,24.6,117.1,5.1720000000000015,2.526,2.6889999999999996,56.40000000000001,147.59999999999997,100.4,143.7,17.3,12.0,138.60000000000002,197.6,2014.0
23,26.2,48,95.8,0.519,14.0,26.4,0.222,0.496,13.9,73.7,0.237,PHO,41.80000000000001,89.10000000000002,4.613,9.9,26.6,2.8000000000000007,31.9,62.5,5.021,5.093,20.4,26.8,7.327999999999999,11.1,33.1,44.1,22.200000000000006,9.4,4.500000000000001,16.4,22.1,113.3,5.452000000000001,2.7239999999999998,2.8229999999999995,50.8,146.2,98.60000000000002,131.7,18.6,14.3,142.7,199.1,2014.0
24,25.8,54,94.9,0.504,12.4,28.0,0.22,0.488,11.0,74.7,0.194,POR,41.2,92.2,4.502000000000002,9.9,26.2,2.434,31.700000000000006,65.8,4.812,5.037,20.000000000000004,24.7,7.7109999999999985,13.2,35.5,48.7,23.7,5.7,5.0,13.9,19.6,112.5,5.409000000000002,2.914,2.5810000000000004,62.00000000000001,152.2,107.70000000000002,132.0,11.8,13.3,129.5,194.6,2014.0
25,24.9,28,94.4,0.484,13.9,27.8,0.251,0.512,12.7,76.6,0.234,SAC,40.40000000000001,90.3,4.379,6.6000000000000005,19.9,2.508,33.7,70.49999999999999,4.6560000000000015,4.743,23.2,30.300000000000004,7.5299999999999985,11.8,32.8,44.6,19.6,7.399999999999999,4.2,15.500000000000002,22.5,110.1,5.17,2.25,3.0920000000000005,52.8,148.1,99.70000000000002,120.3,14.099999999999998,13.900000000000002,123.7,193.0,2014.0
26,28.9,62,95.0,0.537,13.5,22.7,0.188,0.482,12.8,76.4,0.184,SAS,41.6,84.5,4.985,8.5,21.5,2.773,33.2,63.29999999999999,5.276,5.4849999999999985,16.4,21.0,7.854999999999999,9.2,34.099999999999994,43.3,25.6,7.5,5.4,14.3,17.3,108.2,5.8100000000000005,2.503,2.521,48.7,154.39999999999995,103.6,159.5,15.8,15.900000000000002,140.2,200.1,2014.0
27,25.6,48,91.8,0.498,13.2,27.2,0.239,0.493,14.1,74.9,0.237,TOR,43.8,99.5,4.492,10.0,26.4,2.944,33.9,73.0,4.666,4.995,23.6,30.1,7.659,12.8,35.7,48.8,23.8,8.3,5.5,16.499999999999996,25.200000000000006,121.1,5.421,2.634,3.212,58.90000000000001,153.39999999999995,105.79999999999998,137.89999999999998,15.2,15.6,129.1,203.00000000000003,2014.0
28,24.5,25,91.4,0.484,13.9,25.5,0.202,0.518,12.1,74.5,0.227,UTA,38.50000000000001,87.00000000000001,4.386,7.199999999999998,20.8,2.425,31.2,66.1,4.609,4.827000000000001,17.1,22.6,7.525999999999999,11.3,30.9,42.4,21.899999999999995,7.3,4.3,14.3,21.100000000000005,101.2,5.143,2.535,2.305,50.0,140.9,94.0,136.20000000000002,15.4,12.5,128.2,193.9,2014.0
29,26.3,44,93.2,0.506,13.6,25.2,0.181,0.504,15.0,75.7,0.22,WAS,41.6,90.0,4.6000000000000005,8.5,22.4,3.299,32.9,67.5,4.852,5.034,16.3,22.6,7.431999999999999,10.500000000000002,32.3,42.8,23.4,8.2,4.8,14.800000000000002,21.4,107.8,5.343,2.384,2.423,51.89999999999999,147.2,98.7,134.39999999999998,16.2,16.7,132.9,199.3,2014.0
30,27.8,60,93.9,0.527,13.5,21.4,0.201,0.4920000000000001,14.9,73.4,0.185,ATL,39.2,84.1,4.5280000000000005,10.4,27.3,3.5730000000000004,28.6,56.8,4.9430000000000005,5.214000000000001,17.8,22.9,7.688,8.9,33.4,42.2,26.000000000000004,9.4,4.5,13.9,18.3,106.5,5.5889999999999995,3.659,2.732,43.1,149.8,98.0,164.5,19.0,14.699999999999998,127.2,198.7,2015.0
31,25.0,40,95.8,0.489,12.5,24.7,0.17600000000000002,0.494,13.7,75.0,0.208,BOS,43.0,97.3,4.449000000000002,8.0,25.7,2.714,35.2,71.7,4.858999999999999,4.847999999999999,16.599999999999998,22.4,7.164,12.2,38.6,50.8,30.9,9.6,3.9,15.6,23.0,111.0,5.165,2.562,2.367,52.2,161.0,105.8,167.2,17.5,12.1,128.60000000000002,199.3,2015.0
32,28.6,38,92.7,0.491,13.0,23.9,0.2,0.506,12.9,73.7,0.185,BRK,42.7,93.5,4.575,7.8,22.4,2.6639999999999997,35.0,71.10000000000002,4.9510000000000005,5.004,17.6,23.7,7.61,11.1,37.0,48.1,22.8,7.9,4.5,14.8,20.5,110.8,5.326999999999999,2.532,2.613,49.00000000000001,162.8,106.0,131.7,15.7,13.2,125.6,202.3,2015.0
33,28.8,50,92.8,0.489,12.9,27.0,0.238,0.473,11.3,74.4,0.182,CHI,42.30000000000001,96.0,4.371000000000001,9.1,25.6,2.946,33.300000000000004,70.1,4.686,4.901,23.200000000000006,29.7,7.711,13.5,38.6,51.8,26.0,7.2,6.700000000000001,15.4,20.2,116.6,5.3340000000000005,2.9690000000000003,2.9480000000000013,51.3,143.7,98.6,153.60000000000005,13.299999999999995,16.6,126.5,198.7,2015.0
34,26.0,33,93.0,0.456,11.2,22.1,0.202,0.487,12.0,79.3,0.188,CHO,38.5,90.5,4.32,5.300000000000002,17.2,3.1780000000000004,33.30000000000001,73.4,4.582,4.623,18.9,25.3,7.483,10.5,38.0,48.2,22.1,6.4,5.8,11.900000000000002,18.8,101.2,5.048000000000001,1.941,3.3280000000000003,45.3,164.79999999999995,103.3,143.79999999999995,12.6,18.3,112.5,195.9,2015.0
35,26.9,53,92.3,0.52,13.4,26.8,0.21600000000000005,0.502,12.6,74.7,0.177,CLE,45.3,98.4,4.574,11.599999999999998,31.7,2.7880000000000003,33.5,66.6,4.8660000000000005,5.1400000000000015,20.3,27.1,7.522,12.6,35.7,48.2,26.2,9.500000000000002,4.9,15.9,20.2,122.5,5.446000000000001,3.125,2.5389999999999997,55.1,142.39999999999995,99.40000000000002,147.8,17.400000000000002,14.6,127.3,195.0,2015.0
36,29.9,50,95.2,0.515,11.9,23.6,0.197,0.503,14.7,72.2,0.204,DAL,39.7,87.7,4.5760000000000005,9.500000000000002,26.7,3.153,30.4,61.1,4.973999999999998,5.1610000000000005,16.4,21.7,7.117000000000001,9.7,32.5,42.1,24.4,8.100000000000001,3.7,13.2,19.200000000000006,105.5,5.468999999999999,3.2629999999999995,2.6710000000000003,43.5,148.7,96.0,149.39999999999995,16.8,13.9,120.6,202.9,2015.0
37,26.4,30,96.1,0.479,12.7,26.6,0.204,0.504,13.0,74.7,0.239,DEN,39.8,90.29999999999998,4.398,8.4,25.1,2.426,31.4,65.3,4.692,4.82,19.4,25.9,7.476,13.7,36.3,50.0,21.3,7.300000000000002,5.1000000000000005,14.1,24.0,106.9,5.21,2.523,2.94,61.4,167.0,112.20000000000002,120.5,15.400000000000002,17.8,123.1,197.40000000000003,2015.0
38,25.9,32,92.8,0.482,12.3,27.7,0.184,0.502,13.2,75.0,0.192,DET,42.2,98.3,4.2589999999999995,10.3,28.8,2.769,31.9,69.49999999999999,4.621,4.884,18.8,27.3,7.42,13.6,35.1,48.90000000000001,24.7,8.700000000000001,5.2,14.800000000000002,20.1,113.3,5.227,3.467,2.605,48.8,142.6,94.0,150.7,16.3,13.6,114.6,201.00000000000009,2015.0
39,26.6,67,98.3,0.54,13.1,24.1,0.184,0.47,14.3,74.5,0.217,GSW,43.0,88.89999999999998,4.881,10.999999999999998,26.7,2.635,32.0,62.3,5.1930000000000005,5.353,16.1,20.6,7.287999999999999,10.6,35.30000000000001,45.8,28.8,9.3,5.8,14.4,19.6,112.7,5.634,2.416,2.316,52.6,151.8,103.6,168.9,17.8,17.8,133.0,200.2,2015.0
40,27.6,56,96.5,0.512,15.0,26.8,0.223,0.486,14.6,72.9,0.208,HOU,44.7,97.09999999999998,4.690999999999999,11.9,33.7,3.304,33.00000000000001,63.5,5.126,5.279,21.9,31.700000000000006,6.5939999999999985,14.4,39.39999999999999,53.80000000000001,23.6,10.4,7.0,18.200000000000006,25.3,123.40000000000002,5.471,3.299,3.2,63.1,161.1,112.3,135.4,18.6,20.8,141.7,197.2,2015.0
41,28.3,38,93.2,0.484,13.1,24.0,0.201,0.478,12.0,77.9,0.217,IND,39.0,87.60000000000002,4.489000000000001,7.6,21.5,2.583,31.3,66.2,4.761000000000001,4.886,18.9,25.0,7.411,9.9,36.6,46.40000000000001,25.0,6.9,4.5,14.1,21.700000000000006,104.5,5.263,2.2669999999999995,3.0239999999999996,46.20000000000002,164.0,105.5,164.3,14.2,14.5,130.5,202.00000000000003,2015.0
42,28.8,56,94.7,0.5329999999999999,11.6,22.8,0.215,0.493,13.2,75.7,0.231,LAC,42.6,90.0,4.733999999999999,10.5,27.9,3.228,32.3,62.29999999999999,5.136,5.356999999999998,19.500000000000004,27.5,7.0120000000000005,10.1,34.7,44.6,26.0,8.0,5.2,12.3,22.3,115.4,5.5760000000000005,3.327,2.9939999999999998,40.4,147.9,95.3,144.5,16.400000000000002,16.6,111.9,197.0,2015.0
43,27.0,21,94.0,0.473,12.1,25.4,0.204,0.518,12.1,76.3,0.231,LAL,41.3,95.9,4.379,6.5,19.7,2.306,34.9,76.49999999999999,4.529000000000001,4.7109999999999985,19.3,25.6,7.409,12.0,35.7,47.50000000000001,23.5,7.300000000000002,4.6,14.1,21.2,108.4,5.0840000000000005,1.95,2.675,52.6,161.1,104.6,147.5,14.3,16.2,111.3,204.7,2015.0
44,29.6,55,92.0,0.489,12.6,24.7,0.214,0.4920000000000001,14.5,75.3,0.183,MEM,39.60000000000001,86.70000000000002,4.546,5.6000000000000005,16.4,2.8420000000000005,34.1,70.19999999999999,4.775,4.874999999999999,18.8,24.1,7.552999999999999,10.4,32.90000000000001,43.1,23.6,9.6,4.4,13.999999999999998,19.3,104.0,5.247000000000001,1.98,2.5420000000000003,46.6,146.70000000000005,96.9,152.5,20.6,14.1,128.1,198.1,2015.0
45,28.5,37,90.9,0.5,14.5,23.2,0.227,0.505,14.2,73.4,0.213,MIA,39.00000000000001,84.10000000000002,4.635,5.9,18.0,2.7710000000000004,33.1,66.0,4.946000000000001,5.0089999999999995,20.5,27.9,7.266999999999999,10.400000000000002,34.3,44.8,21.0,7.9,5.699999999999998,15.299999999999995,18.4,104.5,5.4030000000000005,2.3149999999999995,3.3710000000000004,55.60000000000001,166.9,112.6,139.5,16.3,20.7,142.8,195.3,2015.0
46,24.6,41,94.1,0.499,15.5,25.4,0.195,0.487,15.9,73.3,0.221,MIL,41.9,91.7,4.630000000000001,7.9,21.4,2.5569999999999995,34.099999999999994,70.3,4.9110000000000005,5.0360000000000005,19.6,25.1,7.689,10.4,33.7,44.10000000000001,27.800000000000004,10.7,5.1,18.200000000000006,23.000000000000004,111.2,5.425000000000002,2.225,2.7510000000000003,50.10000000000001,147.7,99.2,168.50000000000003,20.6,18.5,149.3,206.9,2015.0
47,24.4,16,94.4,0.468,13.7,26.6,0.24,0.537,13.9,71.6,0.187,MIN,44.8,102.0,4.413,6.299999999999999,18.0,2.91,38.5,83.89999999999998,4.5920000000000005,4.718999999999999,24.9,31.5,7.821000000000001,13.500000000000002,31.9,45.2,23.1,8.3,4.0,16.0,19.6,121.2,5.209,1.729,3.0489999999999995,55.50000000000001,144.3,98.5,141.5,15.3,11.4,122.9,212.6,2015.0
48,25.3,45,91.4,0.501,12.5,27.1,0.198,0.496,11.7,75.1,0.195,NOP,43.90000000000001,94.3,4.69,9.0,23.4,2.599,34.800000000000004,71.2,4.76,5.227,18.2,24.1,7.471999999999999,13.3,36.10000000000001,49.5,24.7,7.7,7.199999999999998,13.900000000000002,20.6,115.0,5.533,2.58,2.4720000000000004,58.99999999999999,156.9,108.1,132.30000000000004,14.099999999999998,19.9,119.7,192.5,2015.0
49,26.9,17,91.2,0.47,14.0,24.5,0.18,0.512,13.3,73.1,0.234,NYK,39.3,89.4,4.428000000000001,7.2,20.4,2.742,32.4,69.1,4.631,4.787,16.599999999999998,21.1,7.970999999999999,11.0,31.3,41.99999999999999,22.0,7.1,4.0,14.1,22.000000000000004,102.5,5.165000000000001,2.0580000000000003,2.3169999999999997,52.3,154.1,101.7,145.60000000000005,14.4,15.7,132.0,199.1,2015.0
50,25.4,45,95.7,0.4920000000000001,13.1,28.9,0.214,0.489,12.4,75.6,0.213,OKC,45.60000000000001,100.39999999999998,4.561,9.3,26.6,2.623,36.3,73.8,5.007,4.987,22.700000000000006,29.8,7.079,13.0,38.8,51.79999999999999,24.700000000000006,8.1,6.600000000000001,16.5,23.2,123.20000000000002,5.296,2.5340000000000003,2.8939999999999997,56.7,155.5,106.8,143.5,15.1,20.4,136.8,195.7,2015.0
51,24.3,25,93.8,0.494,14.0,23.1,0.168,0.514,13.6,76.0,0.21,ORL,40.3,88.10000000000002,4.569,7.2,20.1,2.966,33.0,67.80000000000001,4.8069999999999995,5.0,15.1,20.700000000000006,7.372000000000001,11.4,35.1,46.2,21.2,8.2,4.4,15.1,22.5,103.1,5.2860000000000005,2.455,2.3990000000000005,54.00000000000001,162.00000000000003,107.0,120.7,16.0,17.2,144.4,189.6,2015.0
52,23.2,18,95.7,0.459,16.0,25.5,0.195,0.4970000000000001,15.2,73.0,0.225,PHI,37.1,91.1,4.096,9.0,28.3,2.632000000000001,28.099999999999994,62.60000000000001,4.486000000000001,4.598,19.700000000000006,29.000000000000004,6.827000000000001,11.2,32.0,43.3,23.2,10.7,6.799999999999999,19.8,22.1,102.7,4.9769999999999985,3.174,3.178,45.7,140.79999999999995,91.0,155.0,20.3,21.9,155.5,204.8,2015.0
53,25.7,39,96.3,0.501,13.7,24.5,0.191,0.4970000000000001,14.0,73.5,0.221,PHO,42.6,91.9,4.763,9.3,26.1,2.778,33.5,66.0,5.107,5.193,18.5,23.8,7.23,12.300000000000002,35.40000000000001,47.7,22.2,9.499999999999998,5.8,15.400000000000002,22.8,112.7,5.515,2.4530000000000003,2.5580000000000003,53.99999999999999,152.2,102.4,123.7,17.4,18.7,128.3,193.3,2015.0
54,27.0,51,94.2,0.508,12.6,24.2,0.18,0.476,11.3,76.2,0.182,POR,43.49999999999999,95.8,4.531000000000001,11.4,30.8,2.9760000000000004,32.1,64.9,4.928,5.182,17.5,21.6,7.9910000000000005,11.2,36.6,48.0,23.1,6.6000000000000005,4.799999999999999,14.500000000000002,18.8,115.5,5.506,3.508,2.045,48.2,148.5,99.5,130.2,12.4,12.699999999999998,133.0,195.7,2015.0
55,26.0,29,95.4,0.49,14.8,26.5,0.276,0.507,11.8,75.2,0.2,SAC,41.8,91.4,4.556,6.6000000000000005,18.7,2.6839999999999997,35.2,72.49999999999999,4.865000000000001,4.94,25.40000000000001,32.6,7.638,10.8,34.800000000000004,45.4,21.9,7.5,4.300000000000002,16.900000000000002,21.3,115.70000000000002,5.414,2.2359999999999998,3.375,49.6,143.9,98.4,132.79999999999998,13.7,12.499999999999995,131.70000000000002,200.0,2015.0
56,29.8,55,93.8,0.517,13.1,23.4,0.2,0.484,13.3,77.3,0.19,SAS,40.40000000000001,84.19999999999997,4.8500000000000005,7.6,20.200000000000006,3.133,32.8,64.0,5.112,5.275,18.2,23.1,7.891,10.2,34.1,43.9,25.4,8.299999999999999,5.7,14.1,18.5,106.5,5.668000000000001,2.282,2.825,50.8,155.70000000000005,104.3,162.00000000000003,16.7,16.9,132.39999999999998,201.40000000000003,2015.0
57,26.1,49,92.8,0.508,12.0,25.6,0.232,0.506,13.4,73.3,0.208,TOR,41.3,90.7,4.752,9.4,26.700000000000006,2.8560000000000003,31.9,63.9,5.115,5.233,21.90000000000001,27.7,7.586,11.2,32.9,44.0,22.8,7.999999999999999,4.6,13.4,21.9,113.5,5.642,2.736,3.2439999999999998,54.0,148.9,101.4,130.8,15.699999999999998,15.4,113.5,194.7,2015.0
58,23.4,38,90.4,0.494,14.6,29.1,0.214,0.491,12.8,76.3,0.199,UTA,38.1,85.1,4.4380000000000015,7.6,22.5,2.8569999999999998,30.4,62.4,4.752999999999999,4.942,17.4,24.4,7.037000000000001,13.1,34.4,47.4,20.4,8.1,6.199999999999998,15.2,20.7,101.3,5.247000000000001,2.9939999999999998,2.8569999999999998,59.2,154.09999999999997,106.90000000000002,133.4,17.3,19.2,150.20000000000005,194.4,2015.0
59,28.6,46,93.7,0.499,14.0,24.9,0.192,0.481,12.9,77.3,0.21,WAS,40.1,86.10000000000002,4.6530000000000005,6.3,16.9,2.412,33.7,69.09999999999998,4.829,5.008,15.499999999999998,20.9,7.4049999999999985,11.1,35.4,46.3,22.399999999999995,7.1,4.799999999999999,13.9,20.6,101.7,5.315,1.919,2.322,57.00000000000001,163.40000000000003,111.5,128.3,14.0,16.6,120.0,197.7,2015.0
60,28.2,48,97.1,0.516,13.8,19.1,0.185,0.48,14.4,74.6,0.194,ATL,39.3,85.2,4.637,10.2,28.300000000000004,3.2089999999999996,29.2,56.99999999999999,5.17,5.255,16.0,20.000000000000004,7.957000000000002,8.3,33.8,42.2,25.4,9.2,5.6,14.499999999999998,18.8,104.4,5.598,3.4130000000000003,2.306,38.3,143.90000000000003,92.3,162.3,18.1,16.5,126.8,195.4,2016.0
61,25.2,48,98.5,0.488,12.1,25.1,0.208,0.487,14.6,74.6,0.231,BOS,40.3,91.4,4.486000000000001,9.1,27.3,2.8680000000000008,31.3,64.1,4.87,4.944,19.6,24.6,7.632000000000001,11.7,33.7,45.60000000000001,24.3,9.7,4.4,13.7,22.7,109.29999999999998,5.35,2.7319999999999998,2.72,56.3,157.39999999999995,106.1,143.9,17.6,15.2,121.6,196.9,2016.0
62,26.9,21,95.2,0.4920000000000001,13.6,24.1,0.18600000000000005,0.534,13.1,75.7,0.17600000000000002,BRK,39.7,89.2,4.367,7.199999999999998,20.6,2.85,32.5,68.7,4.598000000000001,4.808,16.7,21.700000000000006,7.5779999999999985,9.9,33.0,42.7,28.6,7.899999999999999,3.600000000000001,16.4,18.1,103.7,5.1640000000000015,2.511,2.4730000000000003,45.69999999999999,150.9,97.5,169.29999999999995,16.4,11.7,144.2,197.8,2016.0
63,27.6,42,95.7,0.487,12.6,24.5,0.189,0.485,10.7,74.9,0.182,CHI,42.20000000000001,94.79999999999998,4.416,8.400000000000002,22.5,3.246,33.9,72.49999999999999,4.589,4.906000000000001,18.2,22.6,7.803999999999999,11.200000000000005,35.9,46.8,23.4,6.300000000000002,5.8,14.1,18.5,110.5,5.24,2.6230000000000007,2.113,47.6,144.0,96.7,143.8,12.2,15.8,117.0,202.5,2016.0
64,26.0,48,95.7,0.502,11.7,20.0,0.222,0.496,12.5,79.8,0.191,CHO,39.2,89.5,4.356,10.499999999999998,30.0,2.890000000000001,28.5,59.49999999999999,4.7639999999999985,4.938,19.3,24.3,7.8450000000000015,9.6,38.3,47.6,22.8,7.3,6.0,12.3,19.3,108.2,5.354,3.3600000000000003,2.7130000000000005,42.3,172.1,106.7,137.79999999999998,14.3,19.500000000000004,106.3,198.0,2016.0
65,28.1,57,93.3,0.524,12.7,25.1,0.194,0.496,12.6,78.5,0.205,CLE,42.60000000000001,92.6,4.629,11.300000000000002,31.6,2.9730000000000003,31.3,60.9,5.023999999999999,5.242000000000001,17.799999999999994,23.4,7.624,10.8,35.1,45.9,26.1,7.5,3.9,14.4,20.9,114.4,5.541,3.404,2.524,46.79999999999999,147.5,97.4,154.70000000000005,14.1,12.8,126.1,195.4,2016.0
66,30.3,42,94.3,0.502,12.0,20.6,0.211,0.504,12.8,76.2,0.198,DAL,38.3,87.99999999999999,4.382,11.1,31.4,2.8800000000000003,27.4,56.8,4.871,4.949,18.4,22.8,8.072000000000001,7.9,32.7,40.6,24.500000000000004,7.2,2.6,12.7,19.1,106.1,5.383000000000001,3.359,2.805,38.3,150.99999999999997,94.7,153.7,15.000000000000005,10.2,115.9,205.2,2016.0
67,24.7,33,95.7,0.489,13.2,25.8,0.21600000000000005,0.515,12.6,77.3,0.21600000000000005,DEN,40.7,92.90000000000002,4.428999999999999,8.700000000000001,26.3,3.44,32.0,66.6,4.799,4.888,20.300000000000004,25.899999999999995,7.9289999999999985,12.0,35.1,46.99999999999999,25.3,7.6,4.499999999999999,15.0,21.1,110.6,5.2810000000000015,2.814,2.512,54.3,158.60000000000005,105.5,152.9,14.2,14.699999999999998,126.2,198.5,2016.0
68,25.0,44,95.1,0.491,12.2,27.0,0.197,0.504,12.5,79.3,0.196,DET,43.2,97.5,4.365,10.3,29.50000000000001,3.1060000000000003,32.99999999999999,68.0,4.803999999999999,4.962,19.1,27.700000000000006,7.379999999999999,13.6,38.3,52.00000000000001,21.3,7.700000000000001,4.000000000000001,14.3,21.0,115.6,5.269,3.4440000000000004,2.648,53.8,161.29999999999995,105.4,130.99999999999997,13.7,12.000000000000002,121.5,193.8,2016.0
69,27.4,73,99.3,0.563,13.5,23.5,0.191,0.479,12.6,76.0,0.208,GSW,42.3,87.1,4.892,13.6,33.0,4.324,28.6,54.1,5.2589999999999995,5.525,15.800000000000002,20.1,7.499,9.0,35.5,44.3,29.500000000000004,8.5,5.499999999999999,14.7,19.600000000000005,114.3,5.792000000000001,3.1670000000000007,2.1990000000000003,46.2,149.8,101.1,161.4,16.0,18.4,137.9,191.6,2016.0
70,27.8,41,97.6,0.516,14.2,25.7,0.244,0.516,14.7,72.8,0.219,HOU,38.70000000000001,86.3,4.516000000000001,11.6,33.0,2.742,27.000000000000004,53.3,4.9830000000000005,5.151000000000002,20.9,30.0,7.004,11.499999999999998,32.7,44.1,23.5,10.5,5.399999999999999,15.500000000000002,21.8,109.90000000000002,5.391,3.662,3.2439999999999998,50.7,137.60000000000002,94.0,139.2,19.9,17.900000000000006,128.4,189.2,2016.0
71,26.9,45,96.6,0.4970000000000001,13.5,23.4,0.205,0.489,14.3,76.0,0.205,IND,40.40000000000001,88.8,4.6640000000000015,8.4,23.6,2.234,32.0,65.2,4.945,5.062,18.7,24.1,7.497999999999999,10.9,35.80000000000001,46.7,21.1,9.1,5.4,14.9,21.3,107.70000000000002,5.410000000000001,2.273,2.6790000000000003,51.9,158.9,105.9,122.3,17.3,18.0,128.5,193.6,2016.0
72,29.7,53,95.8,0.524,12.1,20.1,0.22,0.48,13.8,73.8,0.222,LAC,40.9,87.7,4.581,9.999999999999998,27.300000000000004,3.117,30.9,60.4,5.087,5.197,19.9,28.200000000000006,7.3969999999999985,8.299999999999999,33.800000000000004,42.0,25.5,8.7,4.7,12.6,20.0,111.6,5.4129999999999985,3.579,3.1660000000000004,35.1,135.9,86.1,156.4,18.0,13.0,121.6,193.40000000000003,2016.0
73,26.5,17,95.6,0.46,12.5,23.1,0.228,0.523,11.6,74.7,0.202,LAL,36.89999999999999,89.3,4.3180000000000005,8.4,26.8,2.292,28.5,62.50000000000001,4.605,4.72,20.6,25.5,8.004999999999999,10.4,31.1,41.5,19.8,7.500000000000001,4.0,13.9,19.5,103.3,5.199,2.549,2.8789999999999996,45.1,140.79999999999995,91.29999999999998,142.4,15.099999999999998,13.3,126.5,197.3,2016.0
74,30.5,42,93.3,0.477,12.3,25.3,0.231,0.518,15.2,75.1,0.251,MEM,41.3,93.9,4.359,7.1000000000000005,21.1,3.627,34.300000000000004,73.2,4.65,4.777,22.7,28.4,7.952999999999999,11.000000000000002,33.3,44.39999999999999,24.1,9.999999999999998,4.499999999999999,13.9,22.9,112.6,5.276,2.458,3.031,47.2,149.2,96.0,145.20000000000005,19.7,14.999999999999998,115.4,201.20000000000005,2016.0
75,28.4,48,93.6,0.508,13.3,23.8,0.21,0.485,12.1,77.8,0.196,MIA,47.09999999999999,99.0,4.731,8.6,24.1,3.037,38.40000000000001,74.8,5.083,5.211000000000001,20.3,27.2,7.415999999999999,10.8,38.0,48.6,24.6,8.2,7.1,15.5,20.5,122.7,5.534,2.648,2.661,43.0,141.89999999999995,94.0,134.1,14.4,19.0,122.1,197.60000000000005,2016.0
76,23.5,33,94.2,0.499,14.2,24.9,0.207,0.51,14.2,73.1,0.221,MIL,42.3,90.1,4.681,6.4,18.0,2.234,35.9,72.3,4.814,5.053999999999999,18.5,24.9,7.292999999999998,11.2,33.7,44.9,25.5,9.300000000000002,6.9,16.200000000000006,22.6,109.4,5.345999999999999,2.153,2.592,53.8,143.2,98.9,137.0,17.099999999999998,26.8,137.0,192.5,2016.0
77,24.6,29,95.2,0.498,13.9,24.3,0.263,0.524,13.6,74.7,0.2,MIN,38.6,84.60000000000002,4.473,6.3,18.3,3.174,32.5,66.1,4.788,4.8820000000000014,23.2,28.8,7.812,9.7,30.6,40.4,24.5,8.1,4.6,14.6,19.8,106.5,5.392,2.415,3.199,44.1,136.70000000000002,91.0,151.6,16.4,13.2,133.10000000000002,193.3,2016.0
78,26.6,30,96.8,0.498,12.3,21.2,0.201,0.523,12.7,78.8,0.225,NOP,42.1,94.4,4.5710000000000015,9.3,26.300000000000004,2.732,32.7,68.10000000000001,4.9110000000000005,5.031000000000001,19.3,24.200000000000006,7.756,9.900000000000002,34.0,44.3,20.9,8.200000000000001,4.699999999999998,13.4,21.6,113.2,5.3839999999999995,2.617,2.6660000000000004,45.90000000000001,161.20000000000005,101.6,127.9,15.8,15.2,123.4,196.6,2016.0
79,27.2,32,93.4,0.483,12.6,23.7,0.205,0.487,10.5,75.8,0.204,NYK,38.0,86.6,4.3580000000000005,8.5,23.9,3.0929999999999995,29.5,62.40000000000001,4.666,4.877,18.0,22.200000000000006,8.147,9.5,33.6,42.90000000000001,21.0,6.1000000000000005,4.899999999999999,12.4,19.0,102.4,5.303000000000001,2.96,2.506,41.1,142.9,92.70000000000002,137.6,12.8,13.800000000000002,118.9,194.1,2016.0
80,25.8,55,96.7,0.524,14.0,31.1,0.228,0.484,11.7,76.0,0.205,OKC,41.1,85.5,4.7780000000000005,8.0,22.7,2.85,33.2,62.79999999999999,5.1739999999999995,5.229,20.099999999999994,25.90000000000001,7.264999999999999,13.499999999999998,36.0,49.7,21.799999999999994,7.1,6.199999999999998,15.3,20.1,110.7,5.547999999999999,2.611,2.744,69.9,147.10000000000005,110.5,115.6,14.099999999999998,17.7,136.1,182.0,2016.0
81,23.9,35,96.0,0.5,12.8,23.1,0.175,0.513,13.8,76.5,0.215,ORL,42.4,91.4,4.606999999999998,8.0,22.5,3.2589999999999995,34.599999999999994,69.0,5.0390000000000015,5.122000000000001,15.2,20.2,7.8629999999999995,10.5,35.0,45.50000000000001,23.0,8.2,5.500000000000001,13.9,20.4,108.6,5.428000000000001,2.88,2.115,45.5,162.4,103.3,132.7,15.6,19.4,123.9,199.0,2016.0
82,23.3,10,97.9,0.487,14.8,20.6,0.18600000000000005,0.51,13.5,74.0,0.24,PHI,40.2,92.5,4.364,10.2,29.8,3.1949999999999994,30.1,62.5,4.723,4.926,16.5,23.7,7.040000000000001,10.499999999999998,33.9,44.40000000000001,23.3,9.2,7.0,16.6,22.6,106.8,5.234,3.3510000000000004,2.63,43.90000000000001,144.39999999999995,92.6,151.3,17.1,20.8,140.39999999999998,198.30000000000004,2016.0
83,26.0,23,98.5,0.487,15.2,25.4,0.204,0.523,13.5,77.1,0.237,PHO,38.2,87.00000000000001,4.465000000000002,9.4,27.0,2.9120000000000004,28.8,59.90000000000001,4.824999999999998,4.981999999999998,17.3,23.3,7.455,12.0,33.5,45.50000000000001,19.7,7.6,3.8,16.0,23.0,103.5,5.341000000000001,2.9639999999999995,2.825,52.60000000000001,156.60000000000005,103.20000000000002,125.9,14.999999999999998,13.4,142.6,195.0,2016.0
84,24.3,44,96.0,0.511,13.2,25.9,0.202,0.503,12.1,76.2,0.225,POR,39.8,88.59999999999997,4.651000000000002,11.2,29.8,2.794,29.0,58.8,5.0459999999999985,5.1789999999999985,18.0,23.8,7.419,11.7,34.90000000000001,46.6,21.7,6.799999999999999,4.699999999999998,14.300000000000002,22.3,109.1,5.4879999999999995,2.944,2.9449999999999994,56.6,161.60000000000005,109.1,124.5,13.8,16.0,128.10000000000002,187.7,2016.0
85,26.6,33,100.0,0.51,14.2,23.9,0.214,0.521,14.0,74.9,0.202,SAC,44.6,95.7,4.801,8.5,23.5,2.908,36.3,72.3,5.138,5.238,20.9,29.2,7.066,12.1,38.1,50.00000000000001,27.0,9.8,4.9,17.4,22.4,118.8,5.547999999999999,2.42,2.853,54.6,151.7,103.5,132.70000000000002,17.2,16.599999999999998,130.2,192.6,2016.0
86,30.3,67,93.8,0.526,12.4,23.0,0.197,0.477,14.1,79.1,0.182,SAS,40.2,83.0,4.794,6.9,18.1,3.08,33.2,65.00000000000001,5.051,5.212000000000001,15.8,19.5,7.827999999999999,9.1,34.300000000000004,43.5,25.500000000000004,8.399999999999999,6.100000000000001,12.6,16.5,103.0,5.5390000000000015,2.256,2.225,44.3,159.1,103.8,165.99999999999997,18.6,18.9,130.6,197.8,2016.0
87,26.3,56,92.9,0.504,12.3,24.6,0.255,0.498,12.7,77.7,0.201,TOR,40.5,90.3,4.578,10.0,26.4,2.844,30.7,63.79999999999999,4.875,5.1030000000000015,22.2,28.8,7.356999999999998,11.4,36.1,47.3,19.7,8.700000000000001,5.8,13.0,21.1,113.0,5.466000000000001,2.866,3.139,52.5,158.4,106.3,113.3,16.3,20.1,117.1,190.3,2016.0
88,24.2,40,91.0,0.501,14.2,25.9,0.213,0.495,13.5,77.7,0.21,UTA,39.3,86.7,4.568999999999999,9.1,25.1,2.866,30.2,61.6,4.925999999999998,5.122000000000001,17.299999999999994,23.7,7.343999999999999,11.3,34.40000000000001,45.9,22.1,7.9,5.1,15.800000000000002,19.8,105.1,5.412999999999999,3.028,2.687,49.89999999999999,152.89999999999995,101.5,144.0,16.8,15.400000000000002,147.39999999999995,196.0,2016.0
89,27.3,41,98.5,0.511,13.1,20.6,0.192,0.515,14.6,77.7,0.218,WAS,45.5,96.7,4.738,9.3,25.8,2.92,36.0,71.2,5.087999999999999,5.242000000000001,18.5,25.1,7.433000000000002,9.3,35.30000000000001,44.6,27.199999999999992,9.6,4.300000000000002,15.5,22.0,118.9,5.56,2.734,2.6919999999999997,37.50000000000001,151.99999999999997,93.7,152.09999999999997,17.2,12.2,121.0,201.5,2016.0
90,27.9,43,97.4,0.504,14.2,23.6,0.215,0.507,13.8,76.1,0.179,ATL,40.1,88.19999999999997,4.548,10.000000000000002,27.8,3.083,30.4,60.2,4.986000000000001,5.118,18.8,25.6,7.611000000000001,9.6,34.599999999999994,44.5,25.0,8.799999999999997,5.2,16.2,18.5,109.0,5.449,3.237,2.8469999999999995,41.0,144.3,93.4,155.60000000000005,17.599999999999994,17.599999999999994,141.2,192.5,2017.0
91,25.9,53,96.8,0.525,12.2,21.2,0.22,0.503,12.6,75.3,0.223,BOS,41.3,90.6,4.565,13.1,36.00000000000001,3.5730000000000004,28.3,54.50000000000001,5.171,5.2570000000000014,19.7,24.3,7.626,9.3,34.7,44.1,27.2,7.999999999999999,4.1000000000000005,13.500000000000002,21.1,115.1,5.598,3.895,2.472,43.2,157.0,100.5,158.69999999999996,15.7,13.7,121.5,190.6,2017.0
92,26.0,20,101.3,0.507,14.7,19.6,0.228,0.513,11.6,76.1,0.212,BRK,36.50000000000001,81.80000000000003,4.397,9.8,29.2,3.217,26.7,52.6,5.033,5.0,18.8,23.6,7.875,8.0,33.7,41.7,20.5,6.900000000000001,4.7,15.299999999999995,19.3,101.5,5.447,3.6689999999999996,2.89,36.90000000000001,150.8,94.4,140.0,14.2,14.599999999999998,145.5,192.4,2017.0
93,26.9,41,95.3,0.487,12.3,27.0,0.206,0.507,12.4,76.8,0.16899999999999998,CHI,41.7,91.1,4.6610000000000005,7.1,20.2,2.6340000000000003,34.7,70.8,4.98,5.071000000000001,19.4,24.6,7.544,13.7,35.30000000000001,48.7,23.200000000000006,7.9,5.1,12.9,17.400000000000002,110.29999999999998,5.419,2.319,2.488,60.8,160.6,110.2,138.4,15.4,15.6,114.0,195.5,2017.0
94,26.5,36,95.7,0.501,10.7,19.9,0.227,0.523,12.1,79.6,0.16399999999999998,CHO,40.2,90.6,4.527,10.4,29.8,2.501,29.9,60.8,4.892,5.005,21.4,26.5,8.125,9.5,36.89999999999999,46.5,24.300000000000004,7.3,5.4,11.2,17.9,112.3,5.507000000000001,2.7840000000000003,3.2089999999999996,40.9,158.5,99.3,146.99999999999997,13.9,19.4,101.6,196.2,2017.0
95,29.2,51,96.2,0.547,12.6,21.9,0.206,0.516,11.4,75.8,0.174,CLE,44.10000000000001,94.3,4.578,15.900000000000002,40.50000000000001,3.4530000000000003,28.7,53.8,4.993,5.4620000000000015,18.399999999999995,24.4,7.550999999999998,10.5,38.2,48.8,23.8,7.300000000000002,4.1,13.899999999999995,19.1,122.7,5.721999999999999,4.5760000000000005,2.4639999999999995,41.5,149.6,97.30000000000004,127.59999999999998,14.3,12.6,119.4,185.9,2017.0
96,27.6,33,92.2,0.505,11.6,18.1,0.18,0.529,14.4,77.6,0.218,DAL,38.6,87.4,4.5489999999999995,12.1,32.599999999999994,3.506,26.7,54.69999999999999,4.993,5.194,15.7,19.1,8.032,6.3,29.5,35.90000000000001,23.5,7.800000000000002,3.2,11.4,19.300000000000004,104.7,5.551,3.648,2.515,35.0,154.8,92.1,146.6,16.9,15.2,114.3,191.8,2017.0
97,25.2,40,98.3,0.53,13.2,27.3,0.214,0.532,10.9,78.7,0.194,DEN,45.0,96.5,4.655,12.0,32.9,3.284,33.0,63.5,5.101000000000001,5.2940000000000005,21.6,27.1,7.806999999999999,11.9,36.0,47.90000000000001,27.8,7.3,3.5000000000000013,14.900000000000002,19.0,123.8,5.69,3.4589999999999996,2.849,53.5,154.0,104.3,151.8,14.2,10.9,121.9,197.9,2017.0
98,25.4,37,95.0,0.4920000000000001,10.9,24.1,0.157,0.516,12.1,81.2,0.197,DET,42.1,93.4,4.499,7.999999999999999,24.000000000000004,2.8689999999999998,34.0,69.5,4.833,4.888,14.7,20.2,7.7440000000000015,11.1,34.7,45.7,24.399999999999995,7.2,3.7,12.3,18.7,106.70000000000002,5.192000000000001,2.384,2.153,45.2,155.20000000000005,98.1,156.6,14.199999999999998,12.7,113.4,196.3,2017.0
99,28.2,67,99.8,0.563,13.2,22.8,0.204,0.486,13.5,74.9,0.198,GSW,43.0,87.9,4.956,12.7,33.00000000000001,3.285,30.0,54.60000000000001,5.523999999999999,5.524,18.4,22.4,7.83,7.7,34.4,42.3,32.1,9.6,5.999999999999999,14.3,17.6,117.09999999999998,5.855,3.079,2.4639999999999995,41.2,145.0,96.2,179.29999999999995,19.2,19.7,141.89999999999995,189.00000000000003,2017.0
100,27.4,55,100.0,0.545,13.3,24.6,0.233,0.519,13.2,75.8,0.194,HOU,43.2,91.2,4.892,14.5,40.5,2.8790000000000004,28.7,50.49999999999999,5.525,5.575,20.8,27.7,7.087000000000001,12.4,36.49999999999999,48.8,26.2,8.5,4.9,14.800000000000002,22.0,121.59999999999998,5.817,3.917,2.7880000000000003,56.90000000000001,153.2,104.9,136.89999999999998,15.900000000000002,16.7,114.1,187.4,2017.0
101,27.0,42,95.9,0.516,12.8,21.2,0.212,0.512,13.6,75.5,0.225,IND,39.7,84.49999999999999,4.6450000000000005,8.999999999999998,23.7,2.978,30.70000000000001,60.70000000000001,4.920000000000001,5.147,17.6,21.4,7.7,9.3,32.90000000000001,42.3,22.2,8.499999999999998,5.0,12.9,19.2,105.8,5.496,2.628,2.3160000000000003,49.5,148.0,99.3,134.3,16.200000000000006,17.4,119.9,191.1,2017.0
102,30.0,51,96.1,0.537,12.0,21.5,0.233,0.506,12.1,76.9,0.211,LAC,42.3,88.50000000000001,4.7280000000000015,10.9,29.1,3.235,31.2,59.49999999999999,5.227000000000001,5.350999999999999,20.700000000000006,28.00000000000001,7.555,9.3,35.8,44.90000000000001,26.1,8.0,4.3,13.300000000000002,20.2,115.9,5.6339999999999995,3.475,2.9130000000000003,41.1,155.40000000000003,99.8,146.3,16.200000000000006,15.2,113.3,196.9,2017.0
103,25.1,26,98.5,0.501,13.5,25.0,0.195,0.542,13.0,75.8,0.213,LAL,41.3,93.1,4.552,10.4,29.7,3.121,30.9,63.30000000000001,4.887,5.029,19.0,24.3,7.691999999999998,11.5,33.2,44.9,21.500000000000004,8.400000000000002,4.1000000000000005,15.2,21.4,112.5,5.408,2.7260000000000004,2.642,54.1,151.79999999999995,101.2,127.0,16.2,13.900000000000002,126.4,198.3,2017.0
104,29.5,43,92.3,0.491,12.1,24.8,0.219,0.506,13.6,77.5,0.256,MEM,38.4,89.0,4.215,10.8,30.1,3.3600000000000003,27.500000000000004,59.1,4.5,4.87,19.3,24.5,7.764000000000001,10.6,33.0,43.6,23.0,8.0,3.8,12.699999999999998,22.0,107.1,5.308999999999998,3.725,2.823,45.90000000000001,149.70000000000005,96.5,144.9,16.5,13.4,114.5,198.0,2017.0
105,26.5,41,95.2,0.512,12.4,24.2,0.177,0.496,12.6,76.4,0.22,MIA,44.00000000000001,96.5,4.561,11.800000000000002,32.2,3.2160000000000006,32.2,64.5,4.882,5.2330000000000005,16.7,23.4,7.087999999999999,10.8,34.800000000000004,45.5,23.8,7.899999999999999,6.300000000000002,13.8,21.7,116.8,5.465,3.6079999999999988,2.226,46.8,147.60000000000005,96.8,131.39999999999998,14.2,18.5,106.4,194.3,2017.0
106,25.6,42,94.5,0.527,13.2,21.5,0.21,0.518,13.6,75.4,0.215,MIL,40.7,84.89999999999998,4.698,8.5,23.1,3.0010000000000003,32.0,61.7,5.020999999999999,5.322,18.0,23.4,7.8240000000000025,9.3,32.300000000000004,41.6,24.5,7.999999999999999,5.5,13.5,20.0,107.7,5.642,3.2739999999999996,2.4,44.4,152.00000000000003,98.8,148.0,16.200000000000006,19.5,124.2,196.8,2017.0
107,24.0,31,94.6,0.511,12.9,27.2,0.229,0.535,13.2,75.9,0.212,MIN,43.1,93.2,4.428,9.2,25.7,3.4720000000000004,34.1,67.49999999999999,4.7970000000000015,4.981,20.9,25.8,7.7440000000000015,11.2,32.5,43.6,26.6,8.6,4.7,14.5,20.599999999999994,116.3,5.3740000000000006,3.159,2.533,44.8,137.99999999999997,90.8,150.39999999999995,17.4,14.1,133.8,184.9,2017.0
108,25.7,34,98.0,0.504,11.7,18.5,0.192,0.509,12.4,76.8,0.177,NOP,40.6,90.2,4.426,9.8,27.6,3.077,31.1,62.50000000000002,4.7860000000000005,5.033,16.400000000000002,21.9,7.417000000000001,8.6,35.5,44.0,23.3,8.2,5.999999999999997,12.1,17.900000000000006,107.69999999999996,5.324,3.42,2.155,36.3,147.5,91.5,133.2,15.4,18.3,109.0,190.5,2017.0
109,27.3,31,96.0,0.496,12.4,26.6,0.188,0.511,11.7,74.1,0.214,NYK,42.40000000000001,93.6,4.591,8.6,24.5,2.735,34.0,69.0,4.95,5.034000000000002,17.900000000000006,22.8,7.685,13.5,35.4,48.90000000000001,23.2,7.2,6.4,14.2,20.5,111.4,5.366999999999999,2.571,2.4210000000000003,66.80000000000001,161.39999999999995,114.0,143.7,14.8,22.2,128.8,199.1,2017.0
110,24.7,47,97.8,0.5,13.2,27.9,0.22,0.511,12.5,79.0,0.218,OKC,39.0,85.5,4.507999999999999,8.399999999999999,25.000000000000004,2.696,30.700000000000006,60.6,4.998,5.023,19.4,26.3,6.778,12.400000000000002,34.7,47.1,21.200000000000006,7.700000000000002,4.899999999999999,14.8,20.3,105.60000000000002,5.2989999999999995,3.154,2.724,56.6,154.9,105.6,133.10000000000002,15.3,16.4,124.6,189.80000000000004,2017.0
111,25.3,29,96.8,0.489,12.1,21.6,0.184,0.523,11.9,77.4,0.201,ORL,39.8,89.89999999999998,4.3610000000000015,8.399999999999999,25.4,2.839,31.6,64.4,4.785,4.838,16.7,22.4,7.606,10.6,34.6,45.3,22.9,6.9,5.200000000000001,13.4,19.700000000000006,104.90000000000002,5.204,2.968,2.7840000000000003,43.00000000000001,154.7,97.2,144.0,13.9,16.299999999999994,123.29999999999998,196.6,2017.0
112,24.6,28,98.5,0.501,14.9,22.4,0.199,0.512,13.5,75.3,0.234,PHI,37.8,86.10000000000002,4.396,10.499999999999998,30.899999999999995,2.951,27.3,55.3,4.852,4.9860000000000015,15.7,20.500000000000004,7.693,9.3,32.800000000000004,42.0,24.5,8.4,4.6,16.1,21.2,101.9,5.345,3.4799999999999995,2.381,41.6,145.5,93.6,156.5,16.099999999999998,14.8,144.9,195.9,2017.0
113,25.0,24,100.3,0.493,13.4,26.0,0.231,0.525,13.1,76.4,0.264,PHO,42.49999999999999,93.40000000000002,4.657,7.899999999999999,23.8,2.841,34.40000000000001,69.8,5.0470000000000015,5.079,22.7,28.9,7.617000000000001,12.7,36.10000000000001,48.7,22.0,9.0,4.799999999999999,16.3,25.0,115.3,5.49,2.5,3.08,52.4,157.9,103.79999999999998,132.8,16.4,15.500000000000002,136.8,194.8,2017.0
114,24.8,41,96.7,0.52,12.5,23.0,0.214,0.508,11.6,76.8,0.241,POR,41.8,90.2,4.641,10.5,28.1,2.8760000000000003,31.3,62.30000000000001,4.9689999999999985,5.15,19.9,25.700000000000006,7.502999999999999,11.6,37.2,48.7,22.6,7.2,5.6000000000000005,13.500000000000002,23.3,113.6,5.486999999999999,2.789,2.971,54.49999999999999,166.5,110.5,122.8,13.2,17.2,125.3,181.9,2017.0
115,27.9,32,94.9,0.516,13.7,21.0,0.22,0.528,12.9,76.3,0.227,SAC,37.9,83.19999999999997,4.583,9.4,25.3,2.9450000000000003,28.599999999999994,58.1,4.948,5.172999999999999,19.4,25.1,7.64,8.5,33.099999999999994,41.5,24.700000000000006,8.0,4.0,14.5,21.6,104.59999999999997,5.5390000000000015,3.1980000000000004,2.638,41.6,151.2,97.1,149.20000000000005,15.9,14.8,131.1,190.5,2017.0
116,29.6,61,94.2,0.524,12.6,24.0,0.21,0.4920000000000001,13.5,77.6,0.192,SAS,40.4,85.60000000000002,4.784,8.8,22.300000000000004,3.141,31.7,63.2,4.940999999999999,5.303,18.3,23.2,7.755000000000001,10.4,34.0,44.3,24.000000000000004,7.800000000000002,5.6000000000000005,12.8,17.799999999999994,108.2,5.642999999999999,2.665,2.5610000000000004,51.2,160.29999999999995,106.9,157.00000000000003,16.9,19.5,129.3,197.7,2017.0
117,26.1,51,94.7,0.517,11.8,25.0,0.233,0.507,13.5,76.3,0.223,TOR,41.49999999999999,88.80000000000003,4.792999999999998,9.7,26.8,3.3389999999999995,31.700000000000006,61.90000000000001,5.216,5.335,21.4,26.3,7.677,10.2,33.0,43.2,20.0,8.7,5.3,12.3,20.5,114.10000000000002,5.681,3.0250000000000004,2.6830000000000003,49.3,150.20000000000005,100.0,110.70000000000002,17.6,20.6,114.29999999999998,188.7,2017.0
118,26.8,51,91.6,0.526,13.2,23.2,0.215,0.493,11.8,78.9,0.195,UTA,40.6,85.89999999999998,4.711,10.5,27.6,3.1739999999999995,30.1,58.3,5.087999999999999,5.3050000000000015,18.500000000000004,24.7,7.475,9.4,34.49999999999999,43.9,22.9,7.1000000000000005,4.800000000000002,13.899999999999995,19.500000000000004,109.9,5.587999999999999,3.1990000000000003,2.6740000000000004,40.8,143.99999999999997,93.7,149.29999999999995,14.4,13.599999999999998,137.6,197.1,2017.0
119,26.0,49,97.4,0.528,12.8,24.1,0.199,0.524,13.8,75.5,0.213,WAS,43.90000000000001,91.6,4.762,10.4,27.300000000000004,3.365,33.5,64.3,5.175999999999998,5.314,18.9,23.4,7.777000000000001,10.000000000000002,32.7,42.8,24.200000000000006,8.299999999999999,4.0,14.3,21.0,116.8,5.646000000000001,2.9360000000000004,2.2940000000000005,44.1,142.70000000000005,93.6,135.99999999999997,15.100000000000005,13.9,126.20000000000002,192.6,2017.0
120,25.4,24,98.3,0.512,14.1,21.1,0.185,0.536,13.6,76.2,0.183,ATL,40.1,89.5,4.5089999999999995,11.4,31.8,3.487,28.7,57.7,4.965000000000002,5.158,18.2,22.3,8.135,9.2,32.7,41.8,25.300000000000004,8.4,4.4,15.400000000000002,19.5,109.7,5.561,3.5930000000000004,2.567,41.8,148.8,95.3,166.30000000000004,16.900000000000002,15.299999999999995,135.3,201.8,2018.0
121,24.7,55,96.0,0.518,13.0,21.5,0.188,0.495,13.0,78.4,0.191,BOS,42.2,93.1,4.468999999999999,12.8,34.1,3.4890000000000003,29.200000000000006,58.89999999999999,4.861000000000001,5.134,17.5,22.8,7.567000000000001,9.4,37.1,46.6,24.3,7.699999999999998,4.8,14.1,20.7,114.8,5.4639999999999995,3.675,2.435,46.3,159.99999999999997,103.8,141.5,14.4,16.8,125.1,194.4,2018.0
122,25.1,28,98.9,0.514,13.6,21.0,0.201,0.517,11.0,77.0,0.201,BRK,40.5,91.5,4.511,13.499999999999998,37.6,3.4730000000000003,26.899999999999995,53.89999999999999,4.957,5.232999999999999,18.8,24.1,7.755000000000001,9.9,35.5,45.5,25.9,6.8,5.000000000000001,15.1,21.0,112.8,5.599,4.008000000000001,2.6439999999999997,45.0,155.20000000000005,99.7,157.9,12.4,15.9,127.59999999999998,199.8,2018.0
123,24.4,27,98.3,0.4970000000000001,12.6,20.6,0.16399999999999998,0.542,12.4,80.6,0.184,CHI,38.89999999999999,88.0,4.4830000000000005,9.999999999999998,28.0,3.0810000000000004,29.100000000000005,59.99999999999999,4.756,5.015,14.0,18.5,7.5,10.4,35.4,45.8,24.1,7.800000000000002,3.7,13.900000000000002,20.200000000000006,101.9,5.309,3.0239999999999996,2.3150000000000004,45.50000000000001,160.9,101.1,149.0,14.8,13.8,130.0,190.5,2018.0
124,26.6,36,98.4,0.508,11.4,22.2,0.233,0.532,12.4,80.7,0.165,CHO,39.0,87.3,4.375,10.6,29.0,3.017,28.4,58.4,4.6739999999999995,4.9910000000000005,20.0,26.700000000000006,7.799000000000001,9.099999999999998,33.2,42.50000000000001,23.0,7.0,4.300000000000002,12.500000000000002,16.299999999999994,108.6,5.391,3.3739999999999997,2.9360000000000004,39.4,144.5,91.0,144.10000000000005,14.6,14.8,111.3,196.5,2018.0
125,30.6,50,98.0,0.547,12.6,20.1,0.214,0.54,12.2,77.3,0.166,CLE,38.9,80.80000000000003,4.761,11.8,31.0,3.3939999999999997,26.9,49.9,5.307,5.5520000000000005,17.799999999999994,23.1,7.5219999999999985,8.700000000000001,34.90000000000001,43.6,23.1,6.800000000000002,3.3999999999999995,13.2,18.1,107.4,5.861000000000001,4.058,2.6210000000000004,42.60000000000001,158.2,101.4,138.49999999999997,13.9,11.9,123.5,185.1,2018.0
126,27.7,24,95.6,0.513,11.6,18.0,0.166,0.532,12.9,78.9,0.193,DAL,39.50000000000001,88.7,4.706,12.5,34.6,3.198,26.899999999999995,54.2,5.215,5.357,15.099999999999998,19.4,7.692,7.200000000000001,32.099999999999994,39.39999999999999,24.7,7.1,3.9,12.2,18.9,106.5,5.649000000000001,3.646,2.5200000000000005,39.2,161.0,98.0,159.20000000000005,14.7,19.0,114.8,197.6,2018.0
127,25.1,46,96.8,0.536,13.4,25.7,0.198,0.539,12.6,77.5,0.173,DEN,45.40000000000001,96.5,4.742000000000001,12.3,33.4,3.29,33.0,63.0,5.259,5.347,19.2,25.4,7.455999999999999,12.2,37.50000000000001,49.49999999999999,28.0,8.500000000000002,5.7,16.0,20.200000000000006,122.7,5.645,3.322,2.74,53.2,161.49999999999997,107.6,154.8,15.1,18.8,131.5,199.1,2018.0
128,25.9,39,96.2,0.512,12.3,22.7,0.16899999999999998,0.524,13.7,78.5,0.172,DET,43.8,98.2,4.4430000000000005,13.3,34.800000000000004,3.3710000000000004,30.7,63.4,4.835,5.1930000000000005,15.499999999999998,20.6,7.773,9.3,32.7,42.3,23.7,8.6,3.4000000000000004,13.3,17.9,116.3,5.4780000000000015,3.9260000000000006,2.072,34.4,133.8,83.0,143.1,16.1,10.7,105.6,200.1,2018.0
129,28.8,58,99.6,0.569,14.1,21.0,0.195,0.504,12.6,76.3,0.18600000000000005,GSW,43.60000000000001,88.7,4.872999999999998,13.2,34.2,2.855,30.1,54.6,5.4510000000000005,5.448,18.500000000000004,21.700000000000006,8.066,6.8,33.6,39.9,32.0,8.299999999999999,6.199999999999998,15.8,17.4,118.8,5.789,3.204,2.338,39.2,145.4,96.1,178.79999999999995,17.3,20.5,144.5,199.4,2018.0
130,29.8,65,97.6,0.551,12.7,21.3,0.233,0.521,13.4,79.9,0.171,HOU,45.90000000000001,99.9,4.6789999999999985,19.0,51.2,2.9639999999999995,27.2,48.3,5.43,5.5939999999999985,23.200000000000006,29.500000000000004,7.661,9.7,39.1,48.7,25.6,10.1,5.1000000000000005,14.8,21.4,134.10000000000002,5.902,4.9510000000000005,2.742,42.9,160.2,102.0,138.70000000000002,17.3,16.0,111.4,198.1,2018.0
131,26.2,48,96.0,0.525,12.3,22.7,0.173,0.527,14.2,76.2,0.174,IND,44.1,92.5,4.7410000000000005,9.299999999999997,25.1,3.29,34.7,67.19999999999999,5.0950000000000015,5.226,16.5,21.0,7.6720000000000015,9.7,35.30000000000001,45.20000000000001,23.9,9.5,4.7,13.9,20.200000000000006,113.9,5.5360000000000005,2.619,2.1719999999999997,45.0,162.79999999999995,104.2,137.5,17.6,17.4,117.69999999999996,202.8,2018.0
132,27.0,42,98.7,0.527,13.2,23.5,0.222,0.52,12.6,76.1,0.203,LAC,46.3,98.0,4.802999999999999,11.9,32.8,2.898,34.300000000000004,65.3,5.224,5.356000000000001,21.4,28.7,7.233,10.6,37.49999999999999,47.99999999999999,27.1,7.9,4.3,16.299999999999994,20.0,125.6,5.642,3.12,2.9250000000000003,46.50000000000001,154.8,101.4,146.7,15.2,15.8,130.9,201.0,2018.0
133,23.7,35,100.3,0.517,13.8,23.6,0.188,0.514,12.5,77.7,0.19,LAL,45.2,97.5,4.7,10.8,31.600000000000005,3.167,34.4,65.9,5.216,5.2410000000000005,18.000000000000004,25.8,6.845,11.9,39.50000000000001,51.40000000000001,26.2,9.000000000000002,4.9,16.3,22.2,119.6,5.508000000000001,3.165,2.6990000000000003,50.4,155.39999999999995,103.1,140.59999999999997,17.2,15.5,130.7,198.5,2018.0
134,26.0,22,94.9,0.5,14.0,22.4,0.201,0.529,13.8,76.5,0.256,MEM,37.6,85.2,4.531000000000001,9.4,26.8,3.0930000000000004,28.4,58.3,4.964,5.050999999999998,18.1,22.700000000000006,7.861000000000001,10.1,33.7,43.8,22.2,7.300000000000002,4.999999999999999,14.7,24.3,103.0,5.4639999999999995,3.0300000000000007,2.659,47.8,159.1,101.9,141.9,15.000000000000002,18.9,133.3,193.4,2018.0
135,26.5,44,95.6,0.52,13.3,21.5,0.173,0.507,13.1,79.0,0.215,MIA,44.49999999999999,97.5,4.616999999999999,12.3,34.0,3.88,32.300000000000004,63.5,5.0870000000000015,5.231,17.1,22.5,7.593,10.500000000000002,39.0,49.3,26.0,8.4,6.0,15.599999999999998,22.2,118.4,5.5440000000000005,3.386,2.4640000000000004,47.0,169.4,108.0,148.8,15.4,19.3,127.6,202.5,2018.0
136,25.9,44,96.2,0.531,12.9,20.4,0.22,0.528,14.2,75.9,0.22,MIL,44.6,92.2,4.638999999999999,9.6,26.9,3.3269999999999995,34.9,65.39999999999999,5.127999999999999,5.271,19.9,25.3,7.8870000000000005,8.9,33.7,42.49999999999999,24.1,9.8,5.9,14.3,22.1,118.2,5.575,3.515,2.29,40.9,146.99999999999997,94.1,131.3,18.6,19.8,117.0,189.6,2018.0
137,27.1,47,96.0,0.523,11.4,24.4,0.225,0.539,13.9,76.4,0.189,MIN,44.6,93.6,4.68,8.6,24.300000000000004,3.2869999999999995,35.8,69.3,5.084,5.152,21.9,27.0,8.033000000000001,11.0,34.0,45.00000000000001,25.0,9.4,4.4,12.599999999999998,19.0,119.5,5.565,2.677,2.637,47.7,147.7,97.29999999999998,133.10000000000002,17.3,13.9,106.4,194.0,2018.0
138,27.6,48,100.5,0.541,13.3,20.0,0.183,0.513,12.5,76.7,0.175,NOP,50.2,105.1,4.643000000000002,13.200000000000005,37.00000000000001,3.5410000000000004,37.0,68.39999999999999,5.329,5.371,19.6,25.2,7.369,9.7,43.8,53.3,32.6,9.4,6.9,17.400000000000002,21.200000000000006,133.0,5.6099999999999985,4.065,1.883,34.9,152.20000000000005,95.7,160.9,15.499999999999998,16.7,128.6,192.8,2018.0
139,26.3,29,96.8,0.51,13.3,24.1,0.17,0.522,12.2,76.7,0.208,NYK,42.6,92.5,4.629,9.0,24.7,3.147,34.0,68.1,4.885999999999999,5.109000000000001,16.7,20.5,8.074,11.099999999999998,35.3,46.3,21.9,6.5,5.9,14.2,20.6,111.3,5.448,2.647,2.134,51.2,159.7,105.7,130.4,12.3,20.5,132.8,196.1,2018.0
140,27.3,48,96.7,0.514,12.4,27.7,0.197,0.525,14.7,77.4,0.193,OKC,40.4,88.7,4.513000000000001,10.5,29.7,2.974,29.899999999999995,59.0,4.957999999999998,5.197,17.3,24.600000000000005,6.711999999999999,13.4,34.0,47.3,21.9,9.099999999999998,5.5,14.000000000000002,20.0,108.60000000000002,5.409999999999998,3.97,2.492,53.00000000000001,149.1,99.2,122.1,17.3,21.0,113.8,177.7,2018.0
141,25.6,25,98.1,0.512,13.3,20.0,0.18,0.525,12.8,75.6,0.187,ORL,43.7,94.3,4.6240000000000006,10.4,29.800000000000004,3.0370000000000004,33.099999999999994,64.8,5.087,5.135999999999999,17.0,22.6,7.5550000000000015,9.3,34.7,43.90000000000001,28.2,8.5,4.7,15.6,19.100000000000005,114.9,5.472,2.9569999999999994,2.57,41.2,150.6,95.4,173.4,16.400000000000002,15.2,135.6,200.3,2018.0
142,25.8,52,99.8,0.535,14.6,25.3,0.198,0.4920000000000001,12.6,78.6,0.218,PHI,42.29999999999999,89.4,4.742000000000001,11.3,30.6,3.072,30.899999999999995,58.8,5.188999999999999,5.353,18.4,24.100000000000005,7.602,11.0,38.1,49.1,28.3,8.2,5.699999999999998,16.7,23.2,114.1,5.651000000000002,3.3910000000000005,2.465,51.2,155.4,105.2,160.20000000000005,15.6,18.1,140.29999999999998,191.3,2018.0
143,23.7,21,100.3,0.495,13.9,22.5,0.203,0.5329999999999999,11.9,76.5,0.212,PHO,39.3,87.69999999999997,4.553,9.4,27.4,2.9130000000000003,29.7,60.3,4.893,5.161000000000001,18.6,24.6,7.428,11.3,34.8,46.1,19.3,6.4,4.9,15.2,22.8,106.7,5.486000000000001,3.471,2.9760000000000004,48.8,158.5,102.8,122.49999999999996,12.9,16.5,144.9,186.9,2018.0
144,25.6,49,96.5,0.511,12.3,23.3,0.192,0.503,11.7,79.1,0.193,POR,40.8,90.8,4.547,11.000000000000002,30.4,2.898,29.7,60.30000000000001,4.933000000000002,5.149,17.799999999999994,22.0,7.673999999999999,10.3,35.5,45.9,20.5,7.499999999999999,5.6000000000000005,13.5,19.6,110.4,5.4609999999999985,3.319,2.252,48.40000000000001,157.2,103.1,116.9,14.4,18.899999999999995,125.1,186.9,2018.0
145,26.4,27,94.9,0.502,12.8,21.5,0.14300000000000002,0.542,13.5,77.6,0.199,SAC,41.4,90.19999999999996,4.627,9.2,24.2,3.233,32.2,65.99999999999999,4.886000000000001,5.1389999999999985,12.800000000000002,17.400000000000002,7.364000000000001,10.0,32.599999999999994,42.4,22.4,8.100000000000001,4.1000000000000005,14.199999999999998,20.1,105.0,5.382000000000001,2.6870000000000003,1.9480000000000002,46.4,158.79999999999995,100.1,137.10000000000002,15.9,15.6,123.1,200.5,2018.0
146,29.3,47,95.0,0.507,12.2,23.7,0.189,0.507,13.2,78.6,0.17,SAS,38.00000000000001,83.30000000000003,4.502000000000002,8.899999999999997,24.9,3.3939999999999997,29.3,58.7,4.962,5.112,16.099999999999998,20.1,7.768,10.4,33.4,43.8,20.9,7.5,5.900000000000001,12.3,16.6,101.0,5.454,3.405,2.326,45.3,158.50000000000003,101.5,138.2,16.099999999999998,20.5,119.4,198.3,2018.0
147,25.8,59,97.4,0.539,12.1,23.0,0.198,0.501,13.0,77.7,0.212,TOR,41.00000000000001,86.6,4.8420000000000005,11.900000000000002,32.5,3.706,29.1,54.00000000000001,5.381000000000001,5.5280000000000005,17.699999999999996,22.1,7.622000000000001,9.8,33.8,43.7,24.3,7.4,5.7,12.3,20.899999999999995,111.2,5.8279999999999985,3.751,2.365,50.1,157.4,104.8,140.1,15.6,20.3,116.1,194.9,2018.0
148,26.7,48,95.7,0.527,13.7,21.5,0.202,0.506,14.0,79.8,0.19,UTA,39.60000000000001,85.00000000000001,4.731,11.1,29.7,2.844,28.5,55.3,5.0790000000000015,5.326999999999999,18.2,23.4,7.898,10.0,35.6,45.29999999999999,22.0,8.6,5.9,14.300000000000002,20.1,108.8,5.715,3.1710000000000003,2.998,47.7,164.7,106.8,132.6,17.8,22.1,128.5,192.4,2018.0
149,26.9,43,96.6,0.525,13.3,23.5,0.196,0.522,13.6,77.1,0.212,WAS,43.0,92.4,4.7890000000000015,10.7,28.3,3.1080000000000005,32.40000000000001,64.10000000000001,5.1339999999999995,5.332000000000001,18.6,24.3,7.665000000000001,10.1,34.2,44.4,27.6,8.299999999999999,4.5,15.400000000000002,21.4,115.5,5.69,2.845,2.736,50.0,153.89999999999995,102.0,153.2,15.5,16.0,134.3,197.8,2018.0
150,25.1,29,103.9,0.522,14.3,24.7,0.192,0.541,12.8,76.4,0.237,ATL,44.4,96.9,4.557,13.6,38.4,3.523000000000001,30.8,58.6,5.1530000000000005,5.294,19.300000000000004,25.4,7.527999999999999,11.3,35.3,46.6,27.000000000000004,8.6,5.0,17.700000000000006,24.2,121.8,5.625000000000001,4.101,2.528,45.8,153.5,98.40000000000002,157.99999999999997,16.099999999999998,18.6,137.6,204.6,2019.0
151,25.7,49,99.6,0.534,11.5,21.6,0.173,0.514,13.4,77.0,0.198,BOS,45.3,96.9,4.678999999999999,13.4,36.3,3.6349999999999993,31.8,60.70000000000001,5.254,5.3599999999999985,16.700000000000006,20.8,8.068,10.5,37.2,47.4,28.5,9.1,5.5,13.300000000000002,21.5,120.7,5.694000000000001,3.746,2.234,49.6,158.6,104.1,156.4,16.2,21.0,113.8,196.8,2019.0
152,25.4,42,100.8,0.52,13.0,23.8,0.211,0.512,11.6,76.4,0.19,BRK,39.8,88.3,4.628,13.099999999999998,35.8,2.881,26.7,52.40000000000001,5.1099999999999985,5.315,18.6,25.300000000000004,7.354999999999999,11.2,36.5,47.49999999999999,22.4,6.2,4.199999999999998,14.299999999999995,22.4,111.3,5.65,3.844,3.112,51.8,162.79999999999995,107.70000000000002,132.6,12.4,13.8,126.2,187.8,2019.0
153,24.0,22,99.0,0.505,12.7,19.4,0.184,0.541,11.9,77.3,0.188,CHI,45.3,100.70000000000002,4.518,10.7,31.2,3.1450000000000005,34.5,69.5,4.941,5.037000000000001,19.0,24.0,7.896,9.2,39.0,48.2,26.2,8.799999999999997,5.500000000000001,16.4,23.3,120.59999999999998,5.395,3.039,2.3220000000000005,38.0,155.5,96.1,145.4,15.499999999999998,17.900000000000006,127.8,199.8,2019.0
154,26.6,39,98.7,0.514,10.9,21.7,0.205,0.5379999999999999,12.1,77.1,0.179,CHO,40.4,89.1,4.6030000000000015,11.3,31.9,3.367,29.1,57.2,5.106,5.176,18.4,23.0,7.986000000000001,10.2,33.7,43.89999999999999,23.2,7.300000000000002,4.9,11.9,18.6,110.3,5.568,3.2889999999999997,2.6830000000000003,51.6,157.60000000000005,103.6,148.6,14.5,18.600000000000005,109.8,201.4,2019.0
155,25.2,19,96.6,0.503,12.2,23.7,0.187,0.564,11.5,77.0,0.181,CLE,42.4,93.3,4.628,9.6,27.2,2.807,32.9,66.30000000000001,5.019,5.111999999999999,17.9,23.0,7.717,12.8,35.00000000000001,47.8,24.3,6.9,2.8,13.7,21.100000000000005,112.2,5.473,2.7750000000000004,2.624,53.9,158.20000000000005,103.7,145.6,13.3,9.499999999999998,119.0,194.1,2019.0
156,26.9,33,99.0,0.519,12.7,22.7,0.21600000000000005,0.522,11.6,77.5,0.191,DAL,41.0,90.5,4.658,12.800000000000002,36.5,3.069,28.3,54.1,5.335,5.34,21.6,29.0,7.465000000000002,11.5,38.5,49.6,24.6,7.6,4.6000000000000005,16.000000000000004,21.5,116.4,5.705,3.9810000000000003,3.2710000000000004,47.3,152.3,100.2,146.8,13.799999999999995,16.200000000000006,132.0,193.10000000000005,2019.0
157,24.9,54,97.7,0.527,11.9,26.6,0.175,0.521,12.3,78.0,0.194,DEN,43.9,94.5,4.699,11.6,33.0,3.4250000000000003,32.2,61.39999999999999,5.292999999999999,5.348,16.5,21.5,7.643000000000002,12.3,35.90000000000001,48.2,28.8,8.2,4.6,13.199999999999998,20.7,116.3,5.629,3.613,2.363,52.7,151.70000000000005,102.09999999999998,155.9,15.2,16.9,110.1,188.5,2019.0
158,26.9,41,97.4,0.509,12.3,24.8,0.195,0.526,12.8,78.7,0.211,DET,40.9,92.6,4.293,12.9,36.6,2.866,27.899999999999995,56.2,4.785000000000001,4.9510000000000005,17.9,23.90000000000001,7.856000000000001,11.5,34.599999999999994,46.1,23.800000000000004,7.0,3.9,13.4,22.0,112.0,5.3210000000000015,3.818,2.559,48.40000000000001,154.29999999999995,99.5,148.89999999999995,14.2,12.4,115.1,194.0,2019.0
159,28.4,57,100.9,0.565,12.6,22.5,0.182,0.508,11.7,77.1,0.205,GSW,43.1,88.10000000000002,4.96,13.999999999999998,36.00000000000001,3.0380000000000003,29.1,52.2,5.6579999999999995,5.631,15.8,19.4,7.425999999999998,8.7,34.5,42.9,30.2,7.5,5.500000000000001,13.5,19.6,116.1,5.868999999999999,3.634,2.136,49.2,147.10000000000005,100.2,159.5,14.3,18.5,126.2,182.6,2019.0
160,29.2,53,97.9,0.542,12.0,22.8,0.221,0.525,13.4,74.4,0.21,HOU,44.3,98.7,4.4190000000000005,19.4,53.8,3.2180000000000004,24.9,44.899999999999984,5.635,5.4780000000000015,21.4,26.6,7.715999999999998,10.3,34.599999999999994,45.1,25.1,9.9,5.3,14.2,23.7,129.4,5.744,5.948999999999999,2.214,39.1,137.70000000000002,87.19999999999997,129.5,16.7,17.0,98.7,183.0,2019.0
161,27.0,48,98.1,0.53,12.4,21.9,0.182,0.516,14.1,76.2,0.184,IND,46.3,99.29999999999998,4.669,11.8,31.6,3.8960000000000004,34.4,67.6,5.018,5.2780000000000005,18.7,24.4,7.570000000000001,9.499999999999998,36.8,46.29999999999999,29.799999999999994,9.9,4.8,15.200000000000005,20.8,122.9,5.589,3.2230000000000003,2.389,39.00000000000001,147.1,94.3,158.2,17.700000000000006,15.500000000000002,120.8,201.7,2019.0
162,27.2,48,101.7,0.529,12.7,22.0,0.258,0.514,11.4,76.0,0.224,LAC,44.3,94.7,4.611000000000001,12.7,31.700000000000006,3.3460000000000005,31.4,63.2,4.6819999999999995,5.3119999999999985,23.399999999999995,28.9,7.870999999999999,8.8,36.3,45.1,26.3,6.699999999999998,4.299999999999999,13.9,22.2,124.6,5.691,3.49,2.719,40.3,149.9,96.7,147.79999999999995,11.900000000000002,13.9,120.1,192.2,2019.0
163,26.2,37,103.2,0.527,13.4,22.2,0.18,0.516,12.2,76.4,0.192,LAL,47.8,101.3,4.7700000000000005,11.4,34.2,2.7969999999999997,36.3,67.29999999999998,5.341,5.325,17.900000000000006,26.2,6.614,10.5,41.90000000000001,52.6,33.300000000000004,8.6,5.6000000000000005,18.1,21.8,125.0,5.532000000000001,3.2969999999999997,2.7760000000000002,46.3,162.49999999999997,105.5,164.5,14.9,17.7,145.79999999999995,193.00000000000003,2019.0
164,27.7,33,96.6,0.508,12.9,20.0,0.21,0.521,13.9,77.6,0.232,MEM,41.99999999999999,93.8,4.507999999999999,11.7,33.7,3.397,30.6,60.0,5.0539999999999985,5.1370000000000005,19.9,25.8,7.6720000000000015,9.499999999999998,37.7,47.1,29.1,10.4,6.899999999999999,14.9,24.4,115.7,5.499,3.629,2.583,38.6,152.79999999999995,94.9,158.1,18.4,23.3,128.1,188.7,2019.0
165,27.0,39,98.2,0.515,13.1,24.8,0.172,0.51,12.7,77.6,0.201,MIA,41.60000000000001,91.3,4.632,11.4,32.4,3.1129999999999995,30.2,59.0,5.152,5.234,15.1,22.4,6.746,12.3,37.6,49.7,25.0,7.8,6.1000000000000005,14.7,22.000000000000004,109.8,5.477,3.45,2.611,54.90000000000001,164.10000000000005,109.3,145.9,15.0,22.8,129.0,195.9,2019.0
166,26.9,60,103.3,0.55,12.0,20.8,0.197,0.503,11.5,80.3,0.162,MIL,45.2,93.40000000000002,4.709,13.2,37.60000000000001,3.4850000000000003,31.90000000000001,55.99999999999999,5.641,5.492999999999999,19.1,24.4,8.020999999999999,9.2,39.90000000000001,49.10000000000001,27.3,7.8000000000000025,5.5,13.5,19.3,122.9,5.792999999999998,4.433,2.191,40.6,149.4,98.3,148.5,14.3,17.9,105.0,189.2,2019.0
167,26.2,36,100.2,0.511,11.4,24.6,0.21,0.5379999999999999,12.9,74.9,0.19,MIN,44.3,96.90000000000002,4.5390000000000015,9.8,27.8,3.4610000000000003,34.6,69.00000000000001,4.915,5.103,21.1,26.4,8.009,11.7,34.40000000000001,46.1,28.7,8.2,4.9,13.999999999999998,20.4,119.9,5.517,3.2010000000000005,2.6970000000000005,49.7,151.60000000000005,100.1,159.2,15.9,17.0,111.8,196.5,2019.0
168,25.7,33,103.3,0.529,12.6,24.1,0.193,0.532,11.6,76.8,0.193,NOP,48.9,103.2,4.6160000000000005,10.8,31.5,3.285,38.1,71.9,5.114,5.211,19.8,26.0,7.567000000000001,11.7,36.79999999999999,48.4,31.5,8.4,5.9,16.1,21.200000000000006,128.29999999999998,5.478,3.4490000000000003,2.115,46.39999999999999,141.5,94.6,156.70000000000005,14.1,17.7,120.7,201.70000000000005,2019.0
169,23.4,17,99.6,0.49,12.4,22.1,0.205,0.5329999999999999,11.7,76.1,0.203,NYK,41.10000000000001,94.29999999999998,4.516,10.3,30.4,2.998,30.8,64.0,4.850999999999999,5.017,19.9,26.0,7.5489999999999995,12.1,36.8,48.8,20.1,7.0,5.0,14.9,22.5,112.5,5.379,2.985,2.837,50.0,158.9,103.1,126.4,13.800000000000002,19.1,125.5,200.3,2019.0
170,25.7,49,102.8,0.514,11.7,26.0,0.19,0.523,14.4,78.2,0.206,OKC,43.89999999999999,97.09999999999998,4.542,12.3,35.5,2.754,31.6,61.4,5.165,5.232000000000001,18.5,25.8,7.239,12.599999999999998,37.00000000000001,49.4,24.500000000000004,9.7,5.400000000000001,14.300000000000002,22.7,118.6,5.471,4.009,2.2680000000000002,49.4,149.6,97.7,118.8,17.1,20.2,107.70000000000002,180.1,2019.0
171,25.7,42,98.1,0.518,11.9,22.0,0.168,0.515,11.8,79.7,0.18600000000000005,ORL,41.6,92.6,4.407,11.999999999999998,33.7,3.4399999999999995,29.700000000000006,58.8,4.94,5.0600000000000005,15.4,19.600000000000005,7.712999999999999,9.9,35.90000000000001,45.8,26.00000000000001,6.700000000000001,5.699999999999998,13.5,18.8,110.6,5.402,3.735,2.3080000000000003,41.60000000000001,153.29999999999995,96.6,152.0,13.4,20.9,124.6,192.60000000000005,2019.0
172,26.4,51,101.6,0.532,12.9,24.5,0.241,0.512,11.1,78.6,0.206,PHI,47.49999999999999,101.5,4.615,12.6,35.5,3.156,35.0,66.19999999999999,5.2410000000000005,5.3420000000000005,25.7,32.2,7.963999999999999,11.4,41.6,52.9,29.9,7.7,5.3,15.6,21.3,133.50000000000003,5.718,4.0299999999999985,2.651,42.3,149.30000000000004,97.4,156.7,14.2,14.3,117.79999999999998,194.1,2019.0
173,24.0,19,100.5,0.514,13.8,20.5,0.202,0.545,13.5,72.5,0.236,PHO,46.90000000000001,99.6,4.623,10.1,30.2,2.6700000000000004,36.6,69.50000000000001,5.135999999999999,5.138,20.8,26.5,7.776999999999999,9.499999999999998,31.8,41.4,26.2,10.0,5.9,17.0,25.1,124.40000000000002,5.4940000000000015,3.1250000000000004,2.542,41.39999999999999,139.29999999999998,89.60000000000002,160.60000000000005,18.8,20.2,138.2,208.3,2019.0
174,26.2,53,99.1,0.528,12.1,26.6,0.21,0.516,11.0,77.9,0.195,POR,42.3,89.9,4.774,11.000000000000002,30.3,3.2340000000000004,31.1,59.4,5.3870000000000005,5.403999999999999,19.0,23.1,7.8980000000000015,11.800000000000002,36.6,48.2,23.2,6.700000000000001,5.300000000000002,12.9,20.8,114.3,5.756,3.4389999999999996,2.454999999999999,54.2,160.9,108.9,130.0,12.9,18.4,119.9,186.90000000000003,2019.0
175,24.8,39,103.1,0.524,11.5,23.1,0.177,0.5329999999999999,13.6,75.5,0.207,SAC,46.3,100.8,4.569,13.8,35.50000000000001,3.854000000000001,32.599999999999994,65.0,4.956,5.257999999999999,17.900000000000006,24.099999999999994,7.7879999999999985,10.8,36.1,47.0,26.2,8.3,4.499999999999999,13.0,20.2,124.3,5.559000000000001,3.654,2.3120000000000003,40.90000000000001,144.2,91.4,136.9,14.9,14.3,99.9,190.8,2019.0
176,28.8,48,98.3,0.534,11.0,21.0,0.194,0.528,11.0,79.4,0.17,SAS,43.6,91.0,4.847,10.3,26.200000000000006,3.217,33.40000000000001,64.7,5.16,5.540000000000001,17.0,20.9,8.101,9.3,35.8,44.99999999999999,25.2,6.200000000000001,4.7,12.0,18.500000000000004,114.8,5.8279999999999985,3.435,2.069,44.50000000000001,155.5,100.4,138.20000000000002,12.4,16.7,108.6,186.4,2019.0
177,27.3,58,100.2,0.5429999999999999,12.4,21.9,0.198,0.509,13.1,77.1,0.19,TOR,46.1,97.1,4.694,13.9,36.6,3.717,32.5,60.2,5.2410000000000005,5.452999999999999,19.5,24.1,7.962000000000001,9.6,38.7,48.1,31.1,9.500000000000002,5.7,14.500000000000002,21.3,125.6,5.7810000000000015,3.992,2.251,39.9,149.5,96.1,159.39999999999995,17.4,17.7,120.7,193.5,2019.0
178,27.3,50,100.3,0.5379999999999999,13.4,22.9,0.217,0.507,12.4,80.3,0.189,UTA,40.9,87.7,4.717,12.3,34.40000000000001,3.109,28.6,53.1,5.313999999999999,5.461,19.2,25.9,7.4140000000000015,10.1,36.7,46.90000000000001,26.7,8.5,5.499999999999999,15.0,20.700000000000006,113.2,5.755,4.085,2.8390000000000004,41.6,159.20000000000005,101.5,154.7,17.099999999999998,16.7,133.3,192.0,2019.0
179,26.5,32,101.4,0.531,12.3,21.3,0.204,0.546,13.5,74.1,0.199,WAS,52.80000000000001,114.9,4.67,15.1,44.5,3.466,37.60000000000001,70.8,5.393000000000002,5.327000000000001,22.5,28.7,7.926,11.0,40.7,51.40000000000001,32.1,10.2,5.7,16.7,23.8,143.4,5.687,3.828,2.487,42.9,160.0,100.6,153.3,16.3,17.400000000000002,113.5,206.80000000000004,2019.0
