,3P%,FT%,TRB,AST,STL,BLK,PF,PTS,TEAM,AGE,W,SOS,PACE,3PAr,TS%,TOV%,ORB%,FT/FGA,D_eFG%,D_TOV%,DRB%,D_FT/FGA,SEASON
0,0.333,0.79,43.3,24.0,7.8,5.1,23.1,111.8,ATL,24.1,20.0,0.4,103.0,0.398,0.5539999999999999,13.8,21.6,0.204,0.5429999999999999,12.7,74.9,0.233,2019-20
1,0.35200000000000004,0.752,46.1,25.8,8.2,5.1,23.6,113.3,ATL,25.1,29.0,-0.04,103.9,0.403,0.555,14.3,24.7,0.192,0.541,12.8,76.4,0.237,2018-19
2,0.36,0.785,41.9,23.7,7.8,4.2,19.6,103.4,ATL,25.4,24.0,0.15,98.3,0.363,0.547,14.1,21.1,0.185,0.536,13.6,76.2,0.183,2017-18
3,0.341,0.728,44.3,23.6,8.2,4.8,18.2,103.2,ATL,27.9,43.0,-0.38,97.4,0.309,0.541,14.2,23.6,0.215,0.507,13.8,76.1,0.179,2016-17
4,0.35,0.7829999999999999,42.1,25.6,9.1,5.9,19.1,102.8,ATL,28.2,48.0,-0.12,97.1,0.336,0.552,13.8,19.1,0.185,0.48,14.4,74.6,0.194,2015-16
5,0.38,0.778,40.6,25.7,9.1,4.6,17.8,102.5,ATL,27.8,60.0,-0.68,93.9,0.321,0.563,13.5,21.4,0.201,0.4920000000000001,14.9,73.4,0.185,2014-15
6,0.363,0.7809999999999999,40.0,24.9,8.3,4.0,19.2,101.0,ATL,27.5,38.0,-0.4,94.6,0.316,0.5539999999999999,14.3,21.0,0.208,0.51,14.0,74.4,0.196,2013-14
7,0.371,0.715,40.9,24.5,8.1,4.5,18.0,98.0,ATL,27.1,44.0,-0.48,92.6,0.28600000000000003,0.546,14.2,22.2,0.174,0.496,14.2,73.6,0.181,2012-13
8,0.37,0.74,41.2,22.4,8.1,4.6,17.8,96.6,ATL,27.9,40.0,-0.77,90.2,0.249,0.535,13.4,23.9,0.192,0.48,14.4,74.4,0.18600000000000005,2011-12
9,0.35200000000000004,0.779,39.3,22.0,6.1,4.2,19.0,95.0,ATL,27.4,44.0,-0.28,89.3,0.222,0.542,13.5,23.4,0.209,0.495,12.3,74.6,0.211,2010-11
10,0.363,0.8009999999999999,46.0,22.8,8.3,5.6,21.4,113.0,BOS,25.3,43.0,-0.48,99.3,0.382,0.5670000000000001,12.0,23.9,0.204,0.51,13.6,77.5,0.212,2019-20
11,0.365,0.802,44.5,26.3,8.6,5.3,20.4,112.4,BOS,25.7,49.0,-0.54,99.6,0.381,0.5670000000000001,11.5,21.6,0.173,0.514,13.4,77.0,0.198,2018-19
12,0.377,0.7709999999999999,44.5,22.5,7.4,4.5,19.7,104.0,BOS,24.7,55.0,-0.35,96.0,0.35700000000000004,0.552,13.0,21.5,0.188,0.495,13.0,78.4,0.191,2017-18
13,0.359,0.807,42.0,25.2,7.5,4.1,20.6,108.0,BOS,25.9,53.0,-0.39,96.8,0.393,0.5670000000000001,12.2,21.2,0.22,0.503,12.6,75.3,0.223,2016-17
14,0.335,0.7879999999999999,44.9,24.2,9.2,4.2,21.9,105.7,BOS,25.2,48.0,-0.37,98.5,0.293,0.531,12.1,25.1,0.208,0.487,14.6,74.6,0.231,2015-16
15,0.327,0.754,43.8,24.5,8.2,3.6,21.2,101.4,BOS,25.0,40.0,-0.56,95.8,0.28,0.523,12.5,24.7,0.17600000000000002,0.494,13.7,75.0,0.208,2014-15
16,0.333,0.777,42.5,21.0,7.1,4.2,21.3,96.2,BOS,25.4,25.0,-0.51,93.3,0.251,0.517,14.2,27.4,0.193,0.505,13.4,74.2,0.227,2013-14
17,0.358,0.7759999999999999,39.3,22.8,8.2,4.5,21.2,96.5,BOS,29.1,41.0,-0.4,91.7,0.215,0.542,14.1,20.1,0.204,0.482,14.2,73.3,0.21600000000000005,2012-13
18,0.3670000000000001,0.778,38.8,23.6,7.5,5.5,19.9,91.8,BOS,29.3,39.0,-0.26,90.4,0.194,0.535,14.7,19.7,0.2,0.452,14.9,72.4,0.21600000000000005,2011-12
19,0.365,0.77,38.8,23.4,8.2,4.2,20.5,96.5,BOS,29.5,56.0,-0.54,90.4,0.18,0.561,14.5,21.1,0.235,0.469,14.8,74.7,0.235,2010-11
20,0.35100000000000003,0.737,42.7,21.7,6.1,5.1,18.2,96.9,CHA,25.5,43.0,-0.67,92.4,0.219,0.522,11.7,21.9,0.219,0.491,12.6,77.6,0.183,2013-14
21,0.335,0.75,40.3,19.4,7.2,5.8,19.0,93.4,CHA,24.4,21.0,-0.06,91.5,0.21,0.507,13.2,25.7,0.233,0.524,13.2,71.1,0.197,2012-13
22,0.295,0.746,39.0,20.1,6.0,5.5,18.9,87.0,CHA,24.5,7.0,-0.05,91.1,0.16899999999999998,0.483,13.9,23.6,0.206,0.512,12.8,70.9,0.206,2011-12
23,0.327,0.7559999999999999,40.1,21.1,6.4,5.3,20.0,93.3,CHA,26.9,34.0,-0.08,89.6,0.189,0.528,14.1,25.7,0.237,0.5,12.9,75.2,0.229,2010-11
24,0.348,0.755,41.9,23.2,10.0,4.1,21.8,106.8,CHI,24.4,22.0,-0.73,99.7,0.396,0.547,13.7,22.8,0.175,0.546,16.3,75.6,0.239,2019-20
25,0.35100000000000003,0.7829999999999999,42.9,21.9,7.4,4.3,20.3,104.9,CHI,24.0,22.0,0.1,99.0,0.295,0.541,12.7,19.4,0.184,0.541,11.9,77.3,0.188,2018-19
26,0.355,0.759,44.7,23.5,7.6,3.5,19.2,102.9,CHI,24.4,27.0,0.2,98.3,0.35,0.529,12.6,20.6,0.16399999999999998,0.542,12.4,80.6,0.184,2017-18
27,0.34,0.7979999999999999,46.3,22.6,7.8,4.8,17.7,102.9,CHI,26.9,41.0,-0.39,95.3,0.256,0.53,12.3,27.0,0.206,0.507,12.4,76.8,0.16899999999999998,2016-17
28,0.371,0.787,46.3,22.8,6.0,5.7,18.8,101.6,CHI,27.6,42.0,0.01,95.7,0.244,0.526,12.6,24.5,0.189,0.485,10.7,74.9,0.182,2015-16
29,0.353,0.7829999999999999,45.7,21.7,6.3,5.8,18.2,100.8,CHI,28.8,50.0,-0.46,92.8,0.269,0.536,12.9,27.0,0.238,0.473,11.3,74.4,0.182,2014-15
30,0.348,0.779,44.1,22.7,7.2,5.2,19.1,93.7,CHI,28.6,48.0,-0.66,90.2,0.222,0.518,14.2,27.2,0.226,0.471,13.7,75.4,0.189,2013-14
31,0.353,0.773,43.2,23.0,7.2,5.1,19.7,93.2,CHI,28.0,45.0,-0.33,89.3,0.189,0.512,13.6,29.4,0.201,0.477,13.2,73.6,0.206,2012-13
32,0.375,0.722,46.7,23.1,6.9,5.9,17.3,96.3,CHI,27.1,50.0,-0.76,89.1,0.205,0.523,13.2,32.6,0.184,0.45,12.8,74.3,0.175,2011-12
33,0.361,0.743,44.2,22.3,7.2,5.7,20.0,98.6,CHI,26.4,62.0,-0.79,90.4,0.215,0.541,13.5,29.4,0.227,0.463,13.6,76.2,0.222,2010-11
34,0.35100000000000003,0.758,44.2,23.1,6.9,3.2,18.3,106.9,CLE,25.0,19.0,0.33,98.7,0.362,0.5529999999999999,14.6,24.6,0.172,0.56,11.7,77.4,0.16399999999999998,2019-20
35,0.355,0.792,42.7,20.7,6.5,2.4,20.0,104.5,CLE,25.2,19.0,0.22,96.6,0.332,0.54,12.2,23.7,0.187,0.564,11.5,77.0,0.181,2018-19
36,0.3720000000000001,0.779,42.1,23.4,7.1,3.8,18.6,110.9,CLE,30.6,50.0,-0.35,98.0,0.379,0.584,12.6,20.1,0.214,0.54,12.2,77.3,0.166,2017-18
37,0.384,0.748,43.7,22.7,6.6,4.0,18.1,110.3,CLE,29.2,51.0,-0.31,96.2,0.399,0.58,12.6,21.9,0.206,0.516,11.4,75.8,0.174,2016-17
38,0.362,0.748,44.5,22.7,6.7,3.9,20.3,104.3,CLE,28.1,57.0,-0.55,93.3,0.35200000000000004,0.5579999999999999,12.7,25.1,0.194,0.496,12.6,78.5,0.205,2015-16
39,0.3670000000000001,0.7509999999999999,43.0,22.1,7.4,4.1,18.4,103.1,CLE,26.9,53.0,-0.4,92.3,0.334,0.557,13.4,26.8,0.21600000000000005,0.502,12.6,74.7,0.177,2014-15
40,0.35600000000000004,0.7509999999999999,44.1,21.2,7.1,3.7,20.0,98.2,CLE,24.9,33.0,-0.57,93.1,0.236,0.518,13.0,27.2,0.201,0.508,13.0,75.8,0.199,2013-14
41,0.34600000000000003,0.7559999999999999,41.0,20.7,7.9,4.1,21.2,96.5,CLE,24.1,24.0,-0.19,92.3,0.229,0.514,13.0,28.1,0.2,0.523,14.4,72.6,0.225,2012-13
42,0.34600000000000003,0.716,42.3,19.8,7.1,4.0,20.0,93.0,CLE,26.0,21.0,-0.14,91.3,0.238,0.505,14.3,28.9,0.22,0.508,13.1,72.2,0.202,2011-12
43,0.342,0.745,40.3,21.0,6.6,4.2,20.1,95.5,CLE,26.6,19.0,0.14,93.0,0.224,0.518,13.4,24.2,0.233,0.524,12.7,73.3,0.211,2010-11
44,0.369,0.773,47.0,24.5,6.3,5.0,19.0,116.4,DAL,26.2,40.0,-0.21,99.1,0.461,0.581,11.3,23.5,0.198,0.519,10.9,77.4,0.172,2019-20
45,0.34,0.742,45.3,23.4,6.5,4.3,20.1,108.9,DAL,26.9,33.0,0.42,99.0,0.422,0.555,12.7,22.7,0.21600000000000005,0.522,11.6,77.5,0.191,2018-19
46,0.36,0.763,41.3,22.7,7.0,3.8,19.2,102.3,DAL,27.7,24.0,0.34,95.6,0.382,0.544,11.6,18.0,0.166,0.532,12.9,78.9,0.193,2017-18
47,0.355,0.8009999999999999,38.6,20.8,7.5,3.7,19.1,97.9,DAL,27.6,33.0,0.4,92.2,0.366,0.541,11.6,18.1,0.18,0.529,14.4,77.6,0.218,2016-17
48,0.344,0.794,43.1,22.1,6.8,3.7,19.5,102.3,DAL,30.3,42.0,0.29,94.3,0.339,0.544,12.0,20.6,0.211,0.504,12.8,76.2,0.198,2015-16
49,0.35200000000000004,0.752,42.3,22.5,8.1,4.5,20.0,105.2,DAL,29.9,50.0,0.46,95.2,0.29600000000000004,0.55,11.9,23.6,0.197,0.503,14.7,72.2,0.204,2014-15
50,0.384,0.795,40.9,23.6,8.6,4.3,20.0,104.8,DAL,30.6,49.0,0.5,93.5,0.274,0.564,12.7,24.6,0.201,0.515,14.8,72.7,0.229,2013-14
51,0.3720000000000001,0.7929999999999999,41.9,23.2,7.9,5.5,20.7,101.1,DAL,29.5,41.0,0.36,94.1,0.236,0.544,13.0,21.8,0.192,0.4920000000000001,13.3,73.1,0.227,2012-13
52,0.339,0.7709999999999999,42.8,20.9,8.6,5.1,18.6,95.8,DAL,31.3,36.0,0.83,91.4,0.271,0.527,13.4,23.4,0.19,0.479,13.9,74.8,0.203,2011-12
53,0.365,0.777,41.4,23.8,6.8,4.3,19.2,100.2,DAL,30.9,57.0,0.18,91.3,0.274,0.565,13.6,24.1,0.222,0.488,13.0,74.8,0.206,2010-11
54,0.358,0.775,44.3,26.5,8.1,4.6,20.0,110.4,DEN,25.6,43.0,0.06,97.2,0.342,0.564,12.3,24.7,0.17800000000000002,0.526,13.0,77.0,0.194,2019-20
55,0.35100000000000003,0.755,46.4,27.4,7.7,4.4,20.0,110.7,DEN,24.9,54.0,0.24,97.7,0.348,0.5579999999999999,11.9,26.6,0.175,0.521,12.3,78.0,0.194,2018-19
56,0.371,0.767,44.5,25.1,7.6,4.9,18.7,110.0,DEN,25.1,46.0,0.09,96.8,0.35700000000000004,0.57,13.4,25.7,0.198,0.539,12.6,77.5,0.173,2017-18
57,0.368,0.774,46.4,25.3,6.9,3.9,19.1,111.7,DEN,25.2,40.0,0.19,98.3,0.329,0.568,13.2,27.3,0.214,0.532,10.9,78.7,0.194,2016-17
58,0.338,0.7659999999999999,44.6,22.7,7.4,4.8,21.0,101.9,DEN,24.7,33.0,0.29,95.7,0.277,0.531,13.2,25.8,0.21600000000000005,0.515,12.6,77.3,0.21600000000000005,2015-16
59,0.325,0.7340000000000001,44.7,21.8,7.8,4.5,23.0,101.5,DEN,26.4,30.0,0.48,96.1,0.284,0.518,12.7,26.6,0.204,0.504,13.0,74.7,0.239,2014-15
60,0.358,0.726,45.4,22.4,7.5,5.6,23.0,104.4,DEN,26.0,36.0,0.75,98.1,0.278,0.536,14.0,27.5,0.222,0.5,12.8,74.5,0.233,2013-14
61,0.343,0.701,45.0,24.4,9.3,6.5,20.5,106.1,DEN,26.1,57.0,0.28,95.1,0.217,0.5489999999999999,13.6,31.4,0.21600000000000005,0.493,14.3,71.8,0.193,2012-13
62,0.332,0.735,43.1,24.0,8.2,5.0,19.7,104.1,DEN,26.6,38.0,0.29,94.2,0.243,0.556,14.1,27.7,0.239,0.508,14.3,74.3,0.185,2011-12
63,0.388,0.765,42.0,22.1,7.4,4.3,21.0,107.5,DEN,27.3,50.0,0.05,95.6,0.258,0.574,13.1,23.9,0.281,0.5,12.7,75.4,0.224,2010-11
64,0.3670000000000001,0.743,41.7,24.1,7.4,4.5,19.7,107.2,DET,25.9,20.0,-0.66,97.6,0.381,0.561,13.8,22.6,0.194,0.541,12.7,75.9,0.18600000000000005,2019-20
65,0.348,0.747,45.0,22.5,6.9,4.0,22.1,107.0,DET,26.9,41.0,-0.31,97.4,0.394,0.544,12.3,24.8,0.195,0.526,12.8,78.7,0.211,2018-19
66,0.373,0.745,43.7,22.8,7.7,3.9,18.4,103.8,DET,25.9,39.0,-0.11,96.2,0.333,0.5429999999999999,12.3,22.7,0.16899999999999998,0.524,13.7,78.5,0.172,2017-18
67,0.33,0.7190000000000001,45.7,21.1,7.0,3.8,17.9,101.3,DET,25.4,37.0,-0.17,95.0,0.263,0.521,10.9,24.1,0.157,0.516,12.1,81.2,0.197,2016-17
68,0.345,0.6679999999999999,46.3,19.4,7.0,3.7,19.0,102.0,DET,25.0,44.0,-0.18,95.1,0.303,0.522,12.2,27.0,0.197,0.504,12.5,79.3,0.196,2015-16
69,0.344,0.703,44.9,21.6,7.6,4.7,19.0,98.5,DET,25.9,32.0,-0.39,92.8,0.29,0.515,12.3,27.7,0.184,0.502,13.2,75.0,0.192,2014-15
70,0.321,0.67,45.4,20.9,8.4,4.8,20.3,101.0,DET,24.7,29.0,-0.48,94.9,0.222,0.514,12.9,31.4,0.199,0.52,13.8,73.4,0.218,2013-14
71,0.35600000000000004,0.6990000000000001,42.1,21.2,7.0,4.9,19.8,94.9,DET,25.3,29.0,-0.34,90.8,0.217,0.521,14.3,28.3,0.197,0.505,13.1,73.0,0.209,2012-13
72,0.34600000000000003,0.752,40.3,18.7,7.0,4.2,19.6,90.9,DET,26.3,25.0,-0.4,89.2,0.175,0.51,15.0,28.1,0.21,0.5,14.2,72.8,0.226,2011-12
73,0.376,0.737,38.6,21.1,7.3,4.0,19.9,97.0,DET,27.2,30.0,-0.18,89.2,0.189,0.5329999999999999,12.5,27.4,0.206,0.526,13.8,72.1,0.235,2010-11
74,0.334,0.8029999999999999,42.8,25.6,8.2,4.6,20.1,106.3,GSW,24.4,15.0,0.79,100.3,0.355,0.54,13.2,21.5,0.212,0.5529999999999999,13.7,76.4,0.193,2019-20
75,0.385,0.8009999999999999,46.2,29.4,7.6,6.4,21.4,117.7,GSW,28.4,57.0,-0.04,100.9,0.384,0.596,12.6,22.5,0.182,0.508,11.7,77.1,0.205,2018-19
76,0.391,0.815,43.5,29.3,8.0,7.5,19.6,113.5,GSW,28.8,58.0,-0.19,99.6,0.339,0.603,14.1,21.0,0.195,0.504,12.6,76.3,0.18600000000000005,2017-18
77,0.383,0.7879999999999999,44.4,30.4,9.6,6.8,19.3,115.9,GSW,28.2,67.0,-0.28,99.8,0.359,0.597,13.2,22.8,0.204,0.486,13.5,74.9,0.198,2016-17
78,0.416,0.763,46.2,28.9,8.4,6.1,20.7,114.9,GSW,27.4,73.0,-0.38,99.3,0.362,0.593,13.5,23.5,0.191,0.479,12.6,76.0,0.208,2015-16
79,0.398,0.768,44.7,27.4,9.3,6.0,19.9,110.0,GSW,26.6,67.0,-0.09,98.3,0.311,0.5710000000000001,13.1,24.1,0.184,0.47,14.3,74.5,0.217,2014-15
80,0.38,0.753,45.3,23.3,7.8,5.0,21.8,104.3,GSW,26.3,51.0,0.34,96.2,0.29100000000000004,0.55,13.8,25.1,0.18600000000000005,0.477,13.6,76.3,0.224,2013-14
81,0.403,0.79,45.0,22.5,6.9,4.2,21.4,101.2,GSW,25.3,47.0,0.42,94.5,0.239,0.545,14.0,25.4,0.201,0.486,12.4,75.5,0.211,2012-13
82,0.388,0.77,39.2,22.3,8.0,5.5,21.4,97.8,GSW,25.3,23.0,0.62,92.3,0.248,0.539,13.3,22.9,0.175,0.496,13.6,69.1,0.237,2011-12
83,0.392,0.7609999999999999,40.5,22.5,9.0,5.0,22.0,103.4,GSW,25.2,36.0,0.33,94.8,0.248,0.544,13.3,26.7,0.183,0.509,14.5,69.3,0.259,2010-11
84,0.348,0.787,44.9,21.5,8.5,5.1,21.6,118.1,HOU,29.1,40.0,0.03,103.3,0.488,0.578,12.6,22.4,0.226,0.528,13.5,75.6,0.194,2019-20
85,0.35600000000000004,0.7909999999999999,42.1,21.2,8.5,4.9,22.0,113.9,HOU,29.2,53.0,0.19,97.9,0.519,0.581,12.0,22.8,0.221,0.525,13.4,74.4,0.21,2018-19
86,0.362,0.7809999999999999,43.5,21.5,8.5,4.8,19.5,112.4,HOU,29.8,65.0,-0.27,97.6,0.502,0.59,12.7,21.3,0.233,0.521,13.4,79.9,0.171,2017-18
87,0.35700000000000004,0.7659999999999999,44.4,25.2,8.2,4.3,19.9,115.3,HOU,27.4,55.0,0.08,100.0,0.462,0.583,13.3,24.6,0.233,0.519,13.2,75.8,0.194,2016-17
88,0.34700000000000003,0.6940000000000001,43.1,22.2,10.0,5.2,21.8,106.5,HOU,27.8,41.0,0.14,97.6,0.37,0.5529999999999999,14.2,25.7,0.244,0.516,14.7,72.8,0.219,2015-16
89,0.348,0.715,43.7,22.2,9.5,5.0,22.0,103.9,HOU,27.6,56.0,0.38,96.5,0.392,0.5479999999999999,15.0,26.8,0.223,0.486,14.6,72.9,0.208,2014-15
90,0.358,0.7120000000000001,45.3,21.4,7.6,5.6,20.4,107.7,HOU,25.4,54.0,0.5,96.3,0.33,0.5710000000000001,14.6,27.4,0.275,0.489,12.5,74.1,0.193,2013-14
91,0.366,0.754,43.4,23.2,8.3,4.4,20.3,106.0,HOU,24.4,45.0,0.22,96.1,0.349,0.564,14.9,26.4,0.232,0.502,13.5,75.2,0.196,2012-13
92,0.359,0.782,42.2,21.3,7.5,4.8,20.4,98.1,HOU,26.2,34.0,0.35,91.7,0.24,0.529,13.5,27.5,0.184,0.49,13.8,73.4,0.21,2011-12
93,0.3670000000000001,0.8009999999999999,42.8,23.8,7.1,4.5,20.0,105.9,HOU,26.5,43.0,0.19,94.2,0.264,0.55,12.3,27.4,0.239,0.5,12.6,72.7,0.219,2010-11
94,0.363,0.787,42.8,25.9,7.2,5.1,19.6,109.3,IND,25.6,39.0,-0.33,98.5,0.311,0.565,11.9,20.3,0.17,0.513,12.8,77.1,0.193,2019-20
95,0.374,0.752,43.0,26.0,8.7,4.9,19.4,108.0,IND,27.0,48.0,-0.57,98.1,0.292,0.561,12.4,21.9,0.182,0.516,14.1,76.2,0.184,2018-19
96,0.369,0.779,42.3,22.2,8.8,4.1,18.8,105.6,IND,26.2,48.0,-0.2,96.0,0.284,0.557,12.3,22.7,0.173,0.527,14.2,76.2,0.174,2017-18
97,0.376,0.81,42.0,22.5,8.2,5.0,19.5,105.1,IND,27.0,42.0,-0.42,95.9,0.272,0.5579999999999999,12.8,21.2,0.212,0.512,13.6,75.5,0.225,2016-17
98,0.35100000000000003,0.764,44.2,21.2,9.0,4.8,20.0,102.2,IND,26.9,45.0,-0.09,96.6,0.27,0.536,13.5,23.4,0.205,0.489,14.3,76.0,0.205,2015-16
99,0.35200000000000004,0.7559999999999999,44.9,21.4,6.2,4.6,21.2,97.3,IND,28.3,38.0,-0.51,93.2,0.255,0.523,13.1,24.0,0.201,0.478,12.0,77.9,0.217,2014-15
100,0.35700000000000004,0.779,44.7,20.1,6.7,5.4,20.4,96.7,IND,27.2,56.0,-0.77,92.5,0.235,0.535,14.3,24.9,0.226,0.46,12.9,76.8,0.197,2013-14
101,0.34700000000000003,0.746,45.9,20.3,7.2,6.3,20.0,94.7,IND,25.7,49.0,-0.69,90.2,0.245,0.521,14.3,30.3,0.219,0.453,12.9,74.6,0.197,2012-13
102,0.368,0.782,43.9,18.6,7.9,5.4,21.7,97.7,IND,26.3,42.0,-0.71,90.7,0.198,0.526,13.1,29.2,0.251,0.476,14.1,72.3,0.222,2011-12
103,0.354,0.782,43.5,19.6,7.1,5.6,21.7,99.8,IND,25.9,37.0,-0.3,94.7,0.244,0.5329999999999999,14.1,25.9,0.235,0.487,12.8,74.1,0.237,2010-11
104,0.366,0.792,48.0,23.8,7.1,5.0,22.0,116.2,LAC,27.4,44.0,0.22,101.8,0.37,0.574,12.7,24.0,0.232,0.503,12.3,77.3,0.21,2019-20
105,0.388,0.792,45.5,24.0,6.8,4.7,23.3,115.1,LAC,27.2,48.0,0.23,101.7,0.295,0.575,12.7,22.0,0.258,0.514,11.4,76.0,0.224,2018-19
106,0.354,0.743,43.9,22.3,7.7,4.5,20.0,109.0,LAC,27.0,42.0,0.11,98.7,0.314,0.564,13.2,23.5,0.222,0.52,12.6,76.1,0.203,2017-18
107,0.375,0.745,43.0,22.5,7.5,4.2,19.8,108.7,LAC,30.0,51.0,0.13,96.1,0.329,0.574,12.0,21.5,0.233,0.506,12.1,76.9,0.211,2016-17
108,0.364,0.6920000000000001,42.0,22.8,8.6,5.6,21.3,104.5,LAC,29.7,53.0,-0.15,95.8,0.324,0.556,12.1,20.1,0.22,0.48,13.8,73.8,0.222,2015-16
109,0.376,0.71,42.6,24.8,7.8,5.0,21.3,106.7,LAC,28.8,56.0,0.22,94.7,0.322,0.565,11.6,22.8,0.215,0.493,13.2,75.7,0.231,2014-15
110,0.35200000000000004,0.73,43.0,24.6,8.6,4.8,21.5,107.9,LAC,28.1,57.0,0.3,95.9,0.29100000000000004,0.5670000000000001,12.7,25.0,0.258,0.484,13.8,72.5,0.222,2013-14
111,0.358,0.711,41.6,23.9,9.6,5.6,20.9,101.1,LAC,28.8,56.0,-0.02,91.1,0.265,0.557,13.9,28.8,0.203,0.4920000000000001,15.4,73.5,0.229,2012-13
112,0.35700000000000004,0.68,41.6,21.0,8.4,4.8,21.2,97.5,LAC,27.3,40.0,0.26,89.2,0.269,0.5329999999999999,12.7,29.5,0.195,0.4920000000000001,14.2,73.2,0.245,2011-12
113,0.338,0.7070000000000001,42.1,22.1,7.1,4.9,21.1,98.6,LAC,24.6,32.0,0.42,92.8,0.23,0.535,15.1,28.4,0.234,0.499,12.8,73.2,0.25,2010-11
114,0.355,0.73,46.1,25.9,8.6,6.8,20.6,114.3,LAL,29.6,49.0,0.34,100.9,0.355,0.5770000000000001,13.2,24.6,0.196,0.509,13.8,78.4,0.202,2019-20
115,0.333,0.6990000000000001,46.6,25.6,7.5,5.4,20.7,111.8,LAL,26.2,37.0,0.39,103.2,0.342,0.5539999999999999,13.4,22.2,0.18,0.516,12.2,76.4,0.192,2018-19
116,0.345,0.7140000000000001,46.4,23.8,7.7,4.7,21.2,108.1,LAL,23.7,35.0,0.11,100.3,0.329,0.5479999999999999,13.8,23.6,0.188,0.514,12.5,77.7,0.19,2017-18
117,0.34600000000000003,0.754,43.5,20.9,8.2,3.9,20.7,104.6,LAL,25.1,26.0,0.58,98.5,0.295,0.537,13.5,25.0,0.195,0.542,13.0,75.8,0.213,2016-17
118,0.317,0.7809999999999999,43.0,18.0,7.2,4.1,20.3,97.3,LAL,26.5,17.0,0.64,95.6,0.29,0.509,12.5,23.1,0.228,0.523,11.6,74.7,0.202,2015-16
119,0.344,0.741,43.9,20.9,7.0,4.5,21.2,98.5,LAL,27.0,21.0,0.67,94.0,0.22,0.513,12.1,25.4,0.204,0.518,12.1,76.3,0.231,2014-15
120,0.381,0.757,41.0,24.5,7.5,5.4,19.8,103.0,LAL,26.8,27.0,0.96,98.7,0.29100000000000004,0.542,13.7,20.2,0.199,0.513,12.4,71.0,0.192,2013-14
121,0.355,0.6920000000000001,44.8,22.2,7.0,5.2,17.9,102.2,LAL,30.7,45.0,0.32,94.4,0.303,0.5479999999999999,13.9,27.0,0.239,0.496,11.9,74.3,0.163,2012-13
122,0.326,0.7559999999999999,46.2,22.5,5.9,5.3,16.8,97.3,LAL,29.7,41.0,0.54,90.5,0.209,0.534,14.2,29.1,0.226,0.476,10.7,74.8,0.158,2011-12
123,0.35200000000000004,0.779,44.0,22.0,7.3,5.1,19.0,101.5,LAL,30.2,57.0,-0.1,90.7,0.22,0.545,12.3,29.2,0.228,0.477,12.8,72.3,0.181,2010-11
124,0.35200000000000004,0.7609999999999999,46.7,27.0,8.0,5.6,20.8,112.6,MEM,24.0,32.0,0.02,102.8,0.341,0.561,13.2,23.2,0.17800000000000002,0.52,12.6,77.6,0.213,2019-20
125,0.342,0.772,41.8,23.9,8.3,5.5,22.0,103.5,MEM,27.7,33.0,0.51,96.6,0.342,0.5479999999999999,12.9,20.0,0.21,0.521,13.9,77.6,0.232,2018-19
126,0.35200000000000004,0.7859999999999999,40.5,21.5,7.5,4.8,23.2,99.3,MEM,26.0,22.0,0.39,94.9,0.317,0.539,14.0,22.4,0.201,0.529,13.8,76.5,0.256,2017-18
127,0.354,0.784,42.8,21.3,8.0,4.2,22.4,100.5,MEM,29.5,43.0,0.47,92.3,0.316,0.535,12.1,24.8,0.219,0.506,13.6,77.5,0.256,2016-17
128,0.331,0.7829999999999999,41.6,20.7,8.8,4.3,21.7,99.1,MEM,30.5,42.0,0.11,93.3,0.222,0.524,12.3,25.3,0.231,0.518,15.2,75.1,0.251,2015-16
129,0.339,0.773,42.6,21.7,8.5,4.2,19.1,98.3,MEM,29.6,55.0,0.38,92.0,0.184,0.531,12.6,24.7,0.214,0.4920000000000001,14.5,75.3,0.183,2014-15
130,0.353,0.741,42.4,21.9,7.7,4.6,19.1,96.1,MEM,28.5,50.0,0.61,89.9,0.171,0.529,13.1,28.3,0.184,0.4970000000000001,13.8,75.7,0.199,2013-14
131,0.345,0.773,42.7,20.9,8.6,5.3,20.2,93.4,MEM,27.0,56.0,0.18,88.4,0.166,0.514,13.3,31.0,0.202,0.475,15.2,74.3,0.209,2012-13
132,0.326,0.759,42.0,19.5,9.6,5.2,19.9,95.0,MEM,25.6,41.0,0.42,90.8,0.157,0.515,13.6,29.8,0.211,0.485,16.3,72.7,0.227,2011-12
133,0.334,0.75,41.0,20.6,9.4,5.4,20.8,99.9,MEM,25.2,46.0,0.2,91.9,0.136,0.534,13.0,28.9,0.218,0.502,15.7,72.5,0.228,2010-11
134,0.383,0.778,44.5,26.0,7.4,4.5,20.4,112.2,MIA,25.9,41.0,-0.65,98.1,0.413,0.5870000000000001,13.5,20.5,0.231,0.522,12.3,79.7,0.208,2019-20
135,0.349,0.695,46.3,24.3,7.6,5.5,20.9,105.7,MIA,27.0,39.0,-0.22,98.2,0.368,0.542,13.1,24.8,0.172,0.51,12.7,77.6,0.201,2018-19
136,0.36,0.755,43.5,22.7,7.6,5.3,20.1,103.4,MIA,26.5,44.0,-0.33,95.6,0.358,0.551,13.3,21.5,0.173,0.507,13.1,79.0,0.215,2017-18
137,0.365,0.706,43.6,21.2,7.2,5.7,20.5,103.2,MIA,26.5,41.0,-0.29,95.2,0.314,0.541,12.4,24.2,0.177,0.496,12.6,76.4,0.22,2016-17
138,0.336,0.7440000000000001,44.1,20.8,6.7,6.5,18.3,100.0,MIA,28.4,48.0,-0.14,93.6,0.221,0.545,13.3,23.8,0.21,0.485,12.1,77.8,0.196,2015-16
139,0.335,0.741,39.1,19.8,7.8,4.5,20.0,94.7,MIA,28.5,37.0,-0.32,90.9,0.262,0.54,14.5,23.2,0.227,0.505,14.2,73.4,0.213,2014-15
140,0.364,0.76,36.9,22.5,8.9,4.5,19.5,102.2,MIA,30.6,54.0,-0.61,91.2,0.292,0.59,14.6,20.6,0.228,0.511,15.8,73.0,0.212,2013-14
141,0.396,0.754,38.6,23.0,8.7,5.4,18.7,102.9,MIA,30.3,66.0,-0.84,90.7,0.285,0.588,13.7,22.2,0.224,0.487,14.8,73.0,0.2,2012-13
142,0.359,0.775,41.6,20.0,8.9,5.4,19.4,98.5,MIA,28.3,46.0,-0.27,91.2,0.198,0.5489999999999999,14.5,26.6,0.238,0.479,15.8,73.9,0.2,2011-12
143,0.37,0.769,42.1,20.0,6.6,5.2,20.4,102.1,MIA,29.0,58.0,-0.71,90.9,0.235,0.573,13.5,25.2,0.279,0.475,12.6,75.5,0.223,2010-11
144,0.35600000000000004,0.742,51.7,25.9,7.4,6.0,19.2,118.6,MIL,29.2,53.0,-0.85,105.0,0.423,0.583,12.8,20.7,0.196,0.486,12.2,81.7,0.172,2019-20
145,0.353,0.773,49.7,26.0,7.5,5.9,19.6,118.1,MIL,26.9,60.0,-0.82,103.3,0.419,0.583,12.0,20.8,0.197,0.503,11.5,80.3,0.162,2018-19
146,0.355,0.7829999999999999,39.8,23.2,8.8,5.4,21.4,106.5,MIL,25.9,44.0,-0.15,96.2,0.297,0.5710000000000001,12.9,20.4,0.22,0.528,14.2,75.9,0.22,2017-18
147,0.37,0.768,40.4,24.2,8.1,5.3,20.2,103.6,MIL,25.6,42.0,-0.26,94.5,0.29,0.565,13.2,21.5,0.21,0.518,13.6,75.4,0.215,2016-17
148,0.345,0.747,41.7,23.1,8.2,5.8,20.7,99.0,MIL,23.5,33.0,0.2,94.2,0.189,0.537,14.2,24.9,0.207,0.51,14.2,73.1,0.221,2015-16
149,0.363,0.757,42.1,23.6,9.6,4.9,22.1,97.8,MIL,24.6,41.0,-0.52,94.1,0.223,0.536,15.5,25.4,0.195,0.487,15.9,73.3,0.221,2014-15
150,0.353,0.747,41.1,21.5,6.6,4.9,20.9,95.5,MIL,24.7,15.0,-0.23,91.8,0.231,0.519,14.1,27.1,0.204,0.52,13.2,71.4,0.225,2013-14
151,0.36,0.736,44.0,22.9,8.4,6.7,19.0,98.9,MIL,26.4,38.0,-0.33,94.7,0.232,0.51,12.7,27.9,0.174,0.4920000000000001,14.4,71.3,0.201,2012-13
152,0.345,0.774,42.5,23.5,8.3,5.1,19.3,99.0,MIL,26.2,31.0,-0.5,93.7,0.224,0.521,12.9,27.7,0.194,0.489,14.6,70.9,0.217,2011-12
153,0.342,0.757,40.8,18.8,7.5,4.9,20.5,91.9,MIL,26.7,35.0,-0.17,89.8,0.21600000000000005,0.511,13.0,24.7,0.217,0.481,14.7,74.8,0.236,2010-11
154,0.336,0.753,44.8,23.8,8.7,5.7,21.4,113.3,MIN,24.8,19.0,0.51,103.4,0.433,0.551,13.0,22.1,0.209,0.541,13.2,77.2,0.218,2019-20
155,0.35100000000000003,0.787,44.8,24.6,8.3,5.0,20.3,112.5,MIN,26.2,36.0,0.48,100.2,0.315,0.552,11.4,24.6,0.21,0.5379999999999999,12.9,74.9,0.19,2018-19
156,0.35700000000000004,0.804,42.0,22.7,8.4,4.2,18.2,109.5,MIN,27.1,47.0,0.12,96.0,0.261,0.5660000000000001,11.4,24.4,0.225,0.539,13.9,76.4,0.189,2017-18
157,0.349,0.799,42.4,23.7,8.0,4.5,20.1,105.6,MIN,24.0,31.0,0.47,94.6,0.249,0.555,12.9,27.2,0.229,0.535,13.2,75.9,0.212,2016-17
158,0.338,0.792,41.6,23.4,8.0,4.6,20.7,102.4,MIN,24.6,29.0,0.15,95.2,0.202,0.5489999999999999,13.9,24.3,0.263,0.524,13.6,74.7,0.2,2015-16
159,0.332,0.7759999999999999,40.9,21.6,8.1,4.0,19.2,97.8,MIN,24.4,16.0,0.79,94.4,0.179,0.517,13.7,26.6,0.24,0.537,13.9,71.6,0.187,2014-15
160,0.341,0.778,44.7,23.9,8.8,3.6,18.3,106.9,MIN,26.3,40.0,0.43,97.3,0.245,0.535,12.2,27.4,0.249,0.518,14.8,74.4,0.177,2013-14
161,0.305,0.742,42.0,22.4,8.5,4.7,18.4,95.7,MIN,26.4,31.0,0.54,92.8,0.22,0.516,13.8,27.4,0.226,0.511,15.0,74.0,0.187,2012-13
162,0.332,0.7709999999999999,43.7,19.5,6.6,4.4,18.4,97.9,MIN,24.4,26.0,0.37,93.3,0.262,0.524,14.0,27.5,0.236,0.491,12.2,73.0,0.187,2011-12
163,0.376,0.768,44.4,20.1,7.2,5.1,22.3,101.1,MIN,23.8,17.0,0.67,96.5,0.223,0.526,15.1,29.6,0.217,0.514,13.1,73.7,0.251,2010-11
164,0.363,0.7759999999999999,41.6,21.0,6.3,5.4,20.4,94.1,NOH,24.0,27.0,0.75,88.5,0.224,0.528,14.0,29.2,0.193,0.52,13.1,74.4,0.208,2012-13
165,0.333,0.757,41.1,20.7,7.4,4.8,20.1,89.6,NOH,25.5,21.0,0.65,88.3,0.152,0.517,15.2,27.5,0.207,0.485,13.5,73.1,0.218,2011-12
166,0.36,0.765,40.1,20.6,7.6,4.4,21.0,94.9,NOH,26.3,46.0,0.39,88.7,0.192,0.537,12.8,25.1,0.226,0.501,14.4,76.2,0.22,2010-11
167,0.3720000000000001,0.7290000000000001,47.0,27.0,7.6,5.1,21.0,116.2,NOP,25.4,28.0,1.13,103.9,0.408,0.5670000000000001,13.7,24.3,0.183,0.531,12.3,78.1,0.207,2019-20
168,0.344,0.7609999999999999,47.3,27.0,7.4,5.4,21.1,115.4,NOP,25.7,33.0,0.23,103.3,0.324,0.563,12.6,24.1,0.193,0.532,11.6,76.8,0.193,2018-19
169,0.362,0.772,44.3,26.8,8.0,5.9,19.1,111.7,NOP,27.6,48.0,0.18,100.5,0.319,0.573,13.3,20.0,0.183,0.513,12.5,76.7,0.175,2017-18
170,0.35,0.75,43.7,22.8,7.8,5.5,18.2,104.3,NOP,25.7,34.0,0.41,98.0,0.308,0.539,11.7,18.5,0.192,0.509,12.4,76.8,0.177,2016-17
171,0.36,0.7759999999999999,42.6,22.2,7.7,4.2,20.9,102.7,NOP,26.6,30.0,0.24,96.8,0.277,0.537,12.3,21.2,0.201,0.523,12.7,78.8,0.225,2015-16
172,0.37,0.7509999999999999,43.5,22.0,6.7,6.2,18.7,99.4,NOP,25.3,45.0,0.34,91.4,0.233,0.537,12.5,27.1,0.198,0.496,11.7,75.1,0.195,2014-15
173,0.373,0.769,41.7,21.3,7.9,6.4,22.6,99.7,NOP,24.3,34.0,0.73,92.2,0.193,0.537,12.9,26.9,0.22,0.515,13.6,73.8,0.249,2013-14
174,0.337,0.6940000000000001,46.5,22.1,7.6,4.7,22.2,105.8,NYK,24.5,21.0,-0.09,98.6,0.318,0.531,12.6,25.8,0.182,0.541,12.4,78.3,0.224,2019-20
175,0.34,0.759,44.7,20.1,6.8,5.1,20.9,104.6,NYK,23.4,17.0,0.28,99.6,0.334,0.529,12.4,22.1,0.205,0.5329999999999999,11.7,76.1,0.203,2018-19
176,0.35200000000000004,0.787,44.0,23.3,6.7,5.1,20.5,104.5,NYK,26.3,29.0,0.03,96.8,0.266,0.544,13.3,24.1,0.17,0.522,12.2,76.7,0.208,2017-18
177,0.348,0.7879999999999999,45.2,21.8,7.1,5.5,20.3,104.3,NYK,27.3,31.0,-0.2,96.0,0.279,0.534,12.4,26.6,0.188,0.511,11.7,74.1,0.214,2016-17
178,0.34600000000000003,0.805,44.4,20.5,5.7,5.7,19.7,98.4,NYK,27.2,32.0,0.0,93.4,0.256,0.527,12.6,23.7,0.205,0.487,10.5,75.8,0.204,2015-16
179,0.34700000000000003,0.769,40.4,21.3,7.0,4.7,21.6,91.9,NYK,26.9,17.0,-0.18,91.2,0.24,0.508,14.0,24.5,0.18,0.512,13.3,73.1,0.234,2014-15
180,0.3720000000000001,0.7609999999999999,40.3,20.0,7.7,4.5,22.1,98.6,NYK,28.3,37.0,-0.61,90.3,0.302,0.541,12.5,25.1,0.189,0.514,14.0,74.3,0.245,2013-14
181,0.376,0.759,40.6,19.3,8.2,3.6,20.1,100.0,NYK,30.2,54.0,-0.5,89.8,0.354,0.55,11.7,25.6,0.196,0.508,14.8,74.7,0.21600000000000005,2012-13
182,0.336,0.741,41.7,20.1,9.4,4.2,21.1,97.8,NYK,26.3,36.0,-0.81,93.2,0.28800000000000003,0.5329999999999999,14.9,26.6,0.227,0.485,15.9,73.7,0.224,2011-12
183,0.368,0.809,40.5,21.4,7.6,5.8,21.3,106.5,NYK,25.3,42.0,-0.3,95.6,0.303,0.561,12.6,24.2,0.246,0.511,13.8,71.9,0.24,2010-11
184,0.355,0.797,42.7,21.9,7.6,5.0,18.8,110.8,OKC,25.6,40.0,0.34,98.6,0.345,0.5770000000000001,12.3,19.2,0.233,0.52,12.4,76.8,0.16399999999999998,2019-20
185,0.348,0.713,48.1,23.4,9.3,5.2,22.4,114.5,OKC,25.7,49.0,0.15,102.8,0.34700000000000003,0.545,11.7,26.0,0.19,0.523,14.4,78.2,0.206,2018-19
186,0.354,0.716,45.1,21.3,9.1,5.0,20.2,107.9,OKC,27.3,48.0,0.0,96.7,0.345,0.546,12.4,27.7,0.197,0.525,14.7,77.4,0.193,2017-18
187,0.327,0.745,46.6,21.0,7.9,5.0,20.9,106.6,OKC,24.7,47.0,0.39,97.8,0.295,0.54,13.2,27.9,0.22,0.511,12.5,79.0,0.218,2016-17
188,0.349,0.782,48.6,23.0,7.4,5.9,20.6,110.2,OKC,25.8,55.0,-0.19,96.7,0.275,0.565,14.0,31.1,0.228,0.484,11.7,76.0,0.205,2015-16
189,0.339,0.754,47.5,20.5,7.3,5.5,22.3,104.0,OKC,25.4,45.0,0.28,95.7,0.262,0.532,13.1,28.9,0.214,0.489,12.4,75.6,0.213,2014-15
190,0.361,0.8059999999999999,44.7,21.9,8.3,6.1,22.7,106.2,OKC,26.2,59.0,0.32,95.4,0.271,0.5660000000000001,14.0,26.5,0.244,0.488,13.9,75.6,0.221,2013-14
191,0.377,0.828,43.6,21.4,8.3,7.6,20.2,105.7,OKC,26.0,60.0,-0.06,93.3,0.244,0.58,14.4,26.7,0.28,0.469,13.5,73.4,0.197,2012-13
192,0.358,0.8059999999999999,43.7,18.5,7.5,8.2,20.5,103.1,OKC,25.1,47.0,0.32,93.0,0.252,0.5670000000000001,15.3,27.8,0.269,0.465,13.0,72.1,0.207,2011-12
193,0.34700000000000003,0.823,42.8,20.4,8.0,5.9,22.4,104.8,OKC,23.7,55.0,0.02,92.7,0.212,0.561,13.1,27.4,0.299,0.493,12.9,73.6,0.228,2010-11
194,0.341,0.77,44.5,24.0,8.4,5.7,17.6,106.4,ORL,26.0,30.0,0.12,98.3,0.36,0.54,11.4,22.4,0.191,0.535,13.5,79.0,0.17,2019-20
195,0.35600000000000004,0.782,45.4,25.5,6.6,5.4,18.6,107.3,ORL,25.7,42.0,-0.43,98.1,0.36,0.55,11.9,22.0,0.168,0.515,11.8,79.7,0.18600000000000005,2018-19
196,0.35100000000000003,0.757,41.6,23.4,7.6,4.9,19.3,103.4,ORL,25.6,25.0,-0.1,98.1,0.342,0.545,13.3,20.0,0.18,0.525,12.8,75.6,0.187,2017-18
197,0.328,0.747,43.2,22.2,7.1,4.8,19.3,101.1,ORL,25.3,29.0,-0.04,96.8,0.3,0.524,12.1,21.6,0.184,0.523,11.9,77.4,0.201,2016-17
198,0.35,0.757,43.3,23.6,8.2,5.1,20.7,102.1,ORL,23.9,35.0,-0.06,96.0,0.255,0.5329999999999999,12.8,23.1,0.175,0.513,13.8,76.5,0.215,2015-16
199,0.34700000000000003,0.7290000000000001,41.8,20.6,7.9,3.8,20.9,95.7,ORL,24.3,25.0,-0.15,93.8,0.235,0.524,14.0,23.1,0.168,0.514,13.6,76.0,0.21,2014-15
200,0.353,0.763,42.0,21.0,7.7,4.3,20.5,96.5,ORL,24.6,23.0,-0.44,93.6,0.235,0.525,13.9,22.4,0.193,0.504,13.0,75.5,0.211,2013-14
201,0.329,0.755,42.7,22.8,6.4,4.4,19.4,94.1,ORL,24.6,20.0,-0.14,92.2,0.223,0.514,13.7,25.4,0.149,0.508,11.8,74.6,0.195,2012-13
202,0.375,0.66,42.5,20.0,6.8,4.2,17.7,94.2,ORL,27.5,37.0,-0.33,89.0,0.34600000000000003,0.5329999999999999,14.5,26.5,0.193,0.488,12.9,75.5,0.19,2011-12
203,0.366,0.6920000000000001,43.2,20.0,6.7,4.7,20.0,99.2,ORL,27.6,52.0,-0.54,91.2,0.328,0.5539999999999999,14.3,26.1,0.227,0.475,13.3,76.9,0.219,2010-11
204,0.362,0.752,45.5,25.9,8.2,5.4,20.6,109.6,PHI,26.4,39.0,0.01,98.8,0.36,0.562,12.7,23.7,0.189,0.522,12.7,80.4,0.211,2019-20
205,0.359,0.7709999999999999,47.8,26.9,7.4,5.3,21.3,115.2,PHI,26.4,51.0,-0.44,101.6,0.342,0.574,12.9,24.5,0.241,0.512,11.1,78.6,0.206,2018-19
206,0.369,0.752,47.4,27.1,8.3,5.1,22.1,109.8,PHI,25.8,52.0,-0.2,99.8,0.344,0.568,14.6,25.3,0.198,0.4920000000000001,12.6,78.6,0.218,2017-18
207,0.34,0.7709999999999999,42.8,23.8,8.4,5.1,21.9,102.4,PHI,24.6,28.0,-0.14,98.5,0.349,0.539,14.9,22.4,0.199,0.512,13.5,75.3,0.234,2016-17
208,0.339,0.6940000000000001,41.2,21.5,8.3,6.0,21.7,97.4,PHI,23.3,10.0,0.31,97.9,0.327,0.519,14.8,20.6,0.18600000000000005,0.51,13.5,74.0,0.24,2015-16
209,0.32,0.6759999999999999,42.9,20.5,9.6,5.9,21.7,92.0,PHI,23.2,18.0,-0.07,95.7,0.319,0.494,16.0,25.5,0.195,0.4970000000000001,15.2,73.0,0.225,2014-15
210,0.312,0.71,42.7,21.8,9.3,4.0,22.5,99.5,PHI,23.4,19.0,-0.21,99.2,0.258,0.51,14.8,24.8,0.19,0.524,14.9,72.4,0.244,2013-14
211,0.36,0.7290000000000001,41.3,22.8,7.4,4.7,18.4,93.2,PHI,25.2,34.0,-0.17,91.0,0.209,0.509,12.5,24.9,0.146,0.495,13.7,73.4,0.2,2012-13
212,0.362,0.742,43.2,22.0,8.0,5.2,17.5,93.6,PHI,24.9,35.0,-0.65,89.7,0.175,0.511,10.9,24.4,0.161,0.46,13.5,75.2,0.192,2011-12
213,0.355,0.77,41.8,22.7,7.6,4.3,19.4,99.0,PHI,24.7,41.0,-0.5,91.7,0.184,0.535,12.3,24.6,0.21,0.487,13.5,74.5,0.231,2010-11
214,0.3720000000000001,0.7979999999999999,45.5,20.2,6.1,6.2,21.4,113.6,POR,27.5,29.0,0.49,100.7,0.371,0.5660000000000001,11.5,22.0,0.191,0.523,11.0,75.0,0.204,2019-20
215,0.359,0.8140000000000001,48.0,23.0,6.7,5.0,20.4,114.7,POR,26.2,53.0,0.24,99.1,0.339,0.568,12.1,26.6,0.21,0.516,11.0,77.9,0.195,2018-19
216,0.366,0.8,45.5,19.5,7.0,5.2,19.5,105.6,POR,25.6,49.0,0.0,96.5,0.324,0.5489999999999999,12.3,23.3,0.192,0.503,11.7,79.1,0.193,2017-18
217,0.375,0.78,43.7,21.1,7.0,5.0,21.2,107.9,POR,24.8,41.0,0.3,96.7,0.322,0.5589999999999999,12.5,23.0,0.214,0.508,11.6,76.8,0.241,2016-17
218,0.37,0.754,45.5,21.3,6.9,4.6,21.7,105.1,POR,24.3,44.0,0.15,96.0,0.332,0.5479999999999999,13.2,25.9,0.202,0.503,12.1,76.2,0.225,2015-16
219,0.362,0.8009999999999999,45.9,21.9,6.4,4.5,18.2,102.8,POR,27.0,51.0,0.18,94.2,0.316,0.544,12.6,24.2,0.18,0.476,11.3,76.2,0.182,2014-15
220,0.3720000000000001,0.815,46.4,23.2,5.5,4.7,19.2,106.7,POR,25.8,54.0,0.45,94.9,0.29,0.5479999999999999,12.4,28.0,0.22,0.488,11.0,74.7,0.194,2013-14
221,0.353,0.7759999999999999,40.8,21.8,6.6,4.3,18.5,97.5,POR,24.4,33.0,0.65,91.4,0.284,0.536,13.9,25.3,0.194,0.512,12.5,73.3,0.189,2012-13
222,0.34600000000000003,0.7959999999999999,40.7,20.4,8.0,4.9,19.0,97.2,POR,27.5,28.0,0.41,91.2,0.255,0.531,13.4,26.3,0.209,0.504,14.1,72.8,0.199,2011-12
223,0.345,0.804,39.3,21.2,8.0,4.4,19.3,96.3,POR,26.7,48.0,0.32,87.9,0.228,0.5329999999999999,12.6,29.5,0.224,0.51,15.4,72.0,0.231,2010-11
224,0.364,0.769,42.5,23.4,7.6,4.2,21.9,109.0,SAC,27.1,28.0,0.48,98.4,0.395,0.563,13.0,21.8,0.17800000000000002,0.54,13.6,78.5,0.222,2019-20
225,0.378,0.726,45.4,25.4,8.3,4.4,21.4,114.2,SAC,24.8,39.0,0.31,103.1,0.321,0.5539999999999999,11.5,23.1,0.177,0.5329999999999999,13.6,75.5,0.207,2018-19
226,0.375,0.735,40.9,21.6,7.8,4.1,20.0,98.8,SAC,26.4,27.0,0.39,94.9,0.278,0.529,12.8,21.5,0.14300000000000002,0.542,13.5,77.6,0.199,2017-18
227,0.376,0.775,41.1,22.5,7.6,4.0,20.3,102.8,SAC,27.9,32.0,0.58,94.9,0.29100000000000004,0.556,13.7,21.0,0.22,0.528,12.9,76.3,0.227,2016-17
228,0.359,0.725,44.2,24.5,8.9,4.5,20.4,106.6,SAC,26.6,33.0,0.16,100.0,0.26,0.546,14.2,23.9,0.214,0.521,14.0,74.9,0.202,2015-16
229,0.341,0.762,44.2,20.3,6.7,4.0,20.7,101.3,SAC,26.0,29.0,0.64,95.4,0.204,0.542,14.8,26.5,0.276,0.507,11.8,75.2,0.2,2014-15
230,0.333,0.759,44.5,18.9,7.2,3.9,22.5,100.5,SAC,24.9,28.0,0.82,94.4,0.218,0.532,13.9,27.8,0.251,0.512,12.7,76.6,0.234,2013-14
231,0.363,0.769,40.6,20.8,8.2,4.2,20.9,100.2,SAC,25.6,28.0,0.62,93.6,0.243,0.532,13.4,26.6,0.208,0.517,13.6,71.0,0.227,2012-13
232,0.316,0.736,42.9,19.3,8.5,4.9,19.5,98.8,SAC,24.3,22.0,0.73,94.7,0.228,0.51,13.0,29.1,0.197,0.515,13.9,70.5,0.199,2011-12
233,0.335,0.7340000000000001,43.9,20.4,7.4,4.8,22.0,99.4,SAC,24.8,24.0,0.54,95.2,0.183,0.519,14.4,29.9,0.208,0.513,13.5,74.4,0.233,2010-11
234,0.371,0.809,44.4,24.5,7.2,5.5,19.2,113.2,SAS,27.9,27.0,0.57,100.0,0.321,0.569,11.0,19.5,0.206,0.542,11.5,79.2,0.194,2019-20
235,0.392,0.8190000000000001,44.7,24.5,6.1,4.7,18.1,111.7,SAS,28.8,48.0,0.12,98.3,0.28600000000000003,0.5720000000000001,11.0,21.0,0.194,0.528,11.0,79.4,0.17,2018-19
236,0.35200000000000004,0.772,44.2,22.8,7.7,5.6,17.2,102.7,SAS,29.3,47.0,0.0,95.0,0.282,0.5429999999999999,12.2,23.7,0.189,0.507,13.2,78.6,0.17,2017-18
237,0.391,0.797,43.9,23.8,8.0,5.9,18.3,105.3,SAS,29.6,61.0,-0.06,94.2,0.281,0.564,12.6,24.0,0.21,0.4920000000000001,13.5,77.6,0.192,2016-17
238,0.375,0.8029999999999999,43.9,24.5,8.3,5.9,17.5,103.5,SAS,30.3,67.0,-0.36,93.8,0.223,0.564,12.4,23.0,0.197,0.477,14.1,79.1,0.182,2015-16
239,0.3670000000000001,0.78,43.6,24.4,8.0,5.4,19.1,103.2,SAS,29.8,55.0,0.14,93.8,0.269,0.555,13.1,23.4,0.2,0.484,13.3,77.3,0.19,2014-15
240,0.397,0.785,43.3,25.2,7.4,5.1,18.2,105.4,SAS,28.9,62.0,0.28,95.0,0.257,0.5710000000000001,13.5,22.7,0.188,0.482,12.8,76.4,0.184,2013-14
241,0.376,0.7909999999999999,41.3,25.1,8.5,5.4,17.4,103.0,SAS,28.6,58.0,0.27,94.2,0.264,0.568,14.0,20.5,0.204,0.48,13.7,74.9,0.179,2012-13
242,0.393,0.748,43.0,23.2,7.4,4.4,17.3,103.7,SAS,27.5,50.0,0.11,92.9,0.257,0.562,12.8,25.1,0.195,0.489,12.9,76.0,0.168,2011-12
243,0.397,0.767,41.9,22.4,7.3,4.5,19.0,103.7,SAS,28.8,61.0,0.16,92.3,0.261,0.5670000000000001,12.8,24.9,0.229,0.491,12.6,74.6,0.19,2010-11
244,0.371,0.8,45.2,25.4,8.8,4.9,21.5,113.0,TOR,26.6,46.0,-0.57,100.6,0.418,0.574,12.8,21.6,0.205,0.502,14.6,76.1,0.2,2019-20
245,0.366,0.804,45.2,25.4,8.3,5.3,21.0,114.4,TOR,27.3,58.0,-0.6,100.2,0.379,0.579,12.4,21.9,0.198,0.509,13.1,77.1,0.19,2018-19
246,0.358,0.794,44.0,24.3,7.6,6.1,21.7,111.7,TOR,25.8,59.0,-0.49,97.4,0.377,0.575,12.1,23.0,0.198,0.501,13.0,77.7,0.212,2017-18
247,0.363,0.7959999999999999,43.3,18.5,8.3,4.9,20.8,106.9,TOR,26.1,51.0,-0.56,94.7,0.289,0.561,11.8,25.0,0.233,0.507,13.5,76.3,0.223,2016-17
248,0.37,0.777,43.4,18.7,7.8,5.5,19.6,102.7,TOR,26.3,56.0,-0.42,92.9,0.287,0.552,12.3,24.6,0.255,0.498,12.7,77.7,0.201,2015-16
249,0.35200000000000004,0.787,41.5,20.7,7.5,4.4,20.9,104.0,TOR,26.1,49.0,-0.62,92.8,0.302,0.5529999999999999,12.0,25.6,0.232,0.506,13.4,73.3,0.208,2014-15
250,0.3720000000000001,0.782,42.5,21.2,7.0,4.2,23.0,101.3,TOR,25.6,48.0,-0.69,91.8,0.285,0.545,13.2,27.2,0.239,0.493,14.1,74.9,0.237,2013-14
251,0.343,0.7879999999999999,40.2,21.5,7.3,4.8,22.4,97.2,TOR,25.4,34.0,-0.48,90.4,0.249,0.532,13.0,25.5,0.21600000000000005,0.5,13.6,73.4,0.247,2012-13
252,0.34,0.77,42.0,20.9,6.5,4.9,23.2,90.7,TOR,25.7,23.0,-0.36,89.3,0.209,0.518,14.8,25.9,0.211,0.475,12.8,75.4,0.26,2011-12
253,0.316,0.755,40.3,21.9,7.1,4.3,22.0,99.1,TOR,24.5,22.0,0.01,92.9,0.162,0.5329999999999999,13.7,28.2,0.221,0.522,13.0,72.0,0.251,2010-11
254,0.383,0.772,45.1,22.2,5.9,4.0,20.0,111.0,UTA,27.5,41.0,0.03,98.4,0.406,0.5870000000000001,13.6,21.2,0.208,0.514,10.9,79.0,0.18,2019-20
255,0.35600000000000004,0.736,46.4,26.0,8.1,5.9,21.1,111.7,UTA,27.3,50.0,0.03,100.3,0.394,0.5720000000000001,13.4,22.9,0.217,0.507,12.4,80.3,0.189,2018-19
256,0.366,0.779,43.3,22.4,8.6,5.1,19.6,104.1,UTA,26.7,48.0,0.17,95.7,0.35700000000000004,0.564,13.7,21.5,0.202,0.506,14.0,79.8,0.19,2017-18
257,0.3720000000000001,0.747,43.2,20.1,6.7,5.0,18.8,100.7,UTA,26.8,51.0,0.06,91.6,0.327,0.563,13.2,23.2,0.215,0.493,11.8,78.9,0.195,2016-17
258,0.355,0.7440000000000001,43.2,19.0,7.7,5.2,20.2,97.7,UTA,24.2,40.0,0.05,91.0,0.297,0.54,14.2,25.9,0.213,0.495,13.5,77.7,0.21,2015-16
259,0.343,0.721,44.0,19.9,7.6,6.0,19.3,95.1,UTA,23.4,38.0,0.49,90.4,0.274,0.531,14.6,29.1,0.214,0.491,12.8,76.3,0.199,2014-15
260,0.344,0.747,41.2,20.3,7.0,4.5,20.7,95.0,UTA,24.5,25.0,0.91,91.4,0.237,0.523,13.9,25.5,0.202,0.518,12.1,74.5,0.227,2013-14
261,0.366,0.764,42.0,22.7,8.4,6.3,21.3,98.0,UTA,26.3,43.0,0.38,90.9,0.206,0.5329999999999999,13.8,28.8,0.214,0.501,14.0,73.2,0.226,2012-13
262,0.32299999999999995,0.754,44.2,21.8,8.3,5.8,21.8,99.7,UTA,25.6,36.0,0.3,91.4,0.153,0.525,13.0,30.2,0.227,0.493,13.8,73.8,0.245,2011-12
263,0.34600000000000003,0.7709999999999999,39.5,23.4,7.7,5.9,22.7,99.4,UTA,26.8,39.0,0.39,91.0,0.191,0.544,13.5,27.0,0.241,0.505,13.8,71.7,0.275,2010-11
264,0.3720000000000001,0.787,41.7,25.3,8.1,4.3,22.6,115.6,WAS,25.4,24.0,-0.81,102.8,0.364,0.568,12.1,22.0,0.214,0.56,14.0,74.9,0.23,2019-20
265,0.341,0.768,42.4,26.3,8.3,4.6,20.7,114.0,WAS,26.5,32.0,-0.4,101.4,0.37,0.5670000000000001,12.3,21.3,0.204,0.546,13.5,74.1,0.199,2018-19
266,0.375,0.772,43.1,25.2,7.9,4.3,21.3,106.6,WAS,26.9,43.0,-0.06,96.6,0.31,0.56,13.3,23.5,0.196,0.522,13.6,77.1,0.212,2017-18
267,0.3720000000000001,0.784,42.9,23.9,8.5,4.1,21.3,109.2,WAS,26.0,49.0,-0.45,97.4,0.284,0.564,12.8,24.1,0.199,0.524,13.8,75.5,0.213,2016-17
268,0.358,0.73,41.8,24.5,8.6,3.9,20.8,104.1,WAS,27.3,41.0,0.0,98.5,0.282,0.544,13.1,20.6,0.192,0.515,14.6,77.7,0.218,2015-16
269,0.36,0.742,44.7,24.0,7.3,4.6,20.8,98.5,WAS,28.6,46.0,-0.55,93.7,0.203,0.534,14.0,24.9,0.192,0.481,12.9,77.3,0.21,2014-15
270,0.38,0.731,42.2,23.3,8.1,4.6,20.4,100.7,WAS,26.3,44.0,-0.79,93.2,0.246,0.5379999999999999,13.6,25.2,0.181,0.504,15.0,75.7,0.22,2013-14
271,0.365,0.733,43.2,21.6,7.3,4.6,20.5,93.2,WAS,25.4,29.0,-0.25,92.2,0.223,0.512,14.2,24.6,0.191,0.483,13.7,74.6,0.206,2012-13
272,0.32,0.727,41.7,19.1,8.0,6.3,21.3,93.6,WAS,24.2,20.0,-0.34,92.5,0.196,0.508,14.2,27.3,0.184,0.4920000000000001,14.2,70.9,0.229,2011-12
273,0.332,0.745,41.3,19.4,8.1,6.1,22.6,97.3,WAS,24.9,23.0,0.11,93.8,0.172,0.513,13.9,28.0,0.21600000000000005,0.512,14.4,70.5,0.249,2010-11
